8cb09f38-7388-4de6-b4f8-017aadd97ea5,0d7b5c00-5054-478d-b842-b13868bd3adc,Khet Phra Nakhon,เขตพระนคร,1001
fff6c663-f2fe-4eaa-847c-8c241e0bd36e,0d7b5c00-5054-478d-b842-b13868bd3adc,Khet Dusit,เขตดุสิต,1002
ce0ba778-d04d-4591-97d8-650702072b4d,0d7b5c00-5054-478d-b842-b13868bd3adc,Khet Nong Chok,เขตหนองจอก,1003
80d922ee-2a27-4bf2-93ac-7edfec898497,0d7b5c00-5054-478d-b842-b13868bd3adc,Khet Bang Rak,เขตบางรัก,1004
f004e109-ecc0-46c7-b322-35c16feefde2,0d7b5c00-5054-478d-b842-b13868bd3adc,Khet Bang Khen,เขตบางเขน,1005
cd3a33d5-608a-4e29-a7f6-fc9a21a7297c,0d7b5c00-5054-478d-b842-b13868bd3adc,Khet Bang Kapi,เขตบางกะปิ,1006
69a72bae-5f7e-44f1-a99f-d81088b3d7a1,0d7b5c00-5054-478d-b842-b13868bd3adc,Khet Pathum Wan,เขตปทุมวัน,1007
8969cb2f-584b-46b8-97dc-f93534b3a9f1,0d7b5c00-5054-478d-b842-b13868bd3adc,Khet Pom Prap Sattru Phai,เขตป้อมปราบศัตรูพ่าย,1008
b7cb96a7-0d14-434d-a919-ebfdaef9ebed,0d7b5c00-5054-478d-b842-b13868bd3adc,Khet Phra Khanong,เขตพระโขนง,1009
f7e5f058-5de7-42a6-97cb-28233684b9cc,0d7b5c00-5054-478d-b842-b13868bd3adc,Khet Min Buri,เขตมีนบุรี,1010
39b04deb-4d69-46c5-9db0-bdcd2e3351f6,0d7b5c00-5054-478d-b842-b13868bd3adc,Khet Lat Krabang,เขตลาดกระบัง,1011
d487f74d-7e25-45ac-b657-07171c840152,0d7b5c00-5054-478d-b842-b13868bd3adc,Khet Yan Nawa,เขตยานนาวา,1012
e1035ba6-81b4-4f74-9b1a-3a409ef95c07,0d7b5c00-5054-478d-b842-b13868bd3adc,Khet Samphanthawong,เขตสัมพันธวงศ์,1013
988e4dcd-ca8b-468c-ac8a-bd4a2fba1fe0,0d7b5c00-5054-478d-b842-b13868bd3adc,Khet Phaya Thai,เขตพญาไท,1014
f6d16eaa-3ce3-4381-a0eb-22e81e991964,0d7b5c00-5054-478d-b842-b13868bd3adc,Khet Thon Buri,เขตธนบุรี,1015
73a75ca0-9569-4222-9b66-54d20bed3480,0d7b5c00-5054-478d-b842-b13868bd3adc,Khet Bangkok Yai,เขตบางกอกใหญ่,1016
a96ded93-4baa-4e88-9079-6995645b7654,0d7b5c00-5054-478d-b842-b13868bd3adc,Khet Huai Khwang,เขตห้วยขวาง,1017
dbb86a8d-f69a-4444-bdf0-70853469ddb0,0d7b5c00-5054-478d-b842-b13868bd3adc,Khet Khlong San,เขตคลองสาน,1018
a7b90bc1-e68c-403a-83e2-cbd24151a31c,0d7b5c00-5054-478d-b842-b13868bd3adc,Khet Taling Chan,เขตตลิ่งชัน,1019
4d1663a8-929c-4c60-a117-c19fd9e37d54,0d7b5c00-5054-478d-b842-b13868bd3adc,Khet Bangkok Noi,เขตบางกอกน้อย,1020
65c39cc2-7137-4b82-ab37-f2e638eb3e99,0d7b5c00-5054-478d-b842-b13868bd3adc,Khet Bang Khun Thian,เขตบางขุนเทียน,1021
ca4bf673-8d97-41a4-8489-68d699cd9553,0d7b5c00-5054-478d-b842-b13868bd3adc,Khet Phasi Charoen,เขตภาษีเจริญ,1022
e57ec6a2-6c37-4c41-9fdc-1e1414af0af2,0d7b5c00-5054-478d-b842-b13868bd3adc,Khet Nong Khaem,เขตหนองแขม,1023
a9416e32-d8bb-417a-8a9a-e10d6f7048a2,0d7b5c00-5054-478d-b842-b13868bd3adc,Khet Rat Burana,เขตราษฎร์บูรณะ,1024
106f4852-926d-4f49-9b1c-a2a95ee40284,0d7b5c00-5054-478d-b842-b13868bd3adc,Khet Bang Phlat,เขตบางพลัด,1025
dbbd46d1-0dc6-4e90-a28a-8187671245e5,0d7b5c00-5054-478d-b842-b13868bd3adc,Khet Din Daeng,เขตดินแดง,1026
7ed1e229-7303-4f0e-b594-ff4117e4e4b7,0d7b5c00-5054-478d-b842-b13868bd3adc,Khet Bueng Kum,เขตบึงกุ่ม,1027
ecec6648-d648-416b-b6ab-9dc77dfd4300,0d7b5c00-5054-478d-b842-b13868bd3adc,Khet Sathon,เขตสาทร,1028
1684cb24-a4b5-422f-bf90-3930ba379f6b,0d7b5c00-5054-478d-b842-b13868bd3adc,Khet Bang Sue,เขตบางซื่อ,1029
c7018b7a-7591-453f-91e2-9d09669ff9be,0d7b5c00-5054-478d-b842-b13868bd3adc,Khet Chatuchak,เขตจตุจักร,1030
73cc6559-c393-4899-9892-846a6b483eb3,0d7b5c00-5054-478d-b842-b13868bd3adc,Khet Bang Kho Laem,เขตบางคอแหลม,1031
90a18940-45bc-4a4e-a80f-567f037a7e6f,0d7b5c00-5054-478d-b842-b13868bd3adc,Khet Prawet,เขตประเวศ,1032
da627571-bebb-4edd-bc9a-58e46c5d3efe,0d7b5c00-5054-478d-b842-b13868bd3adc,Khet Khlong Toei,เขตคลองเตย,1033
f145ca70-04f3-4c6c-90e9-7794489d2f82,0d7b5c00-5054-478d-b842-b13868bd3adc,Khet Suan Luang,เขตสวนหลวง,1034
8b509f7e-8c3c-4d22-9228-502dd2152414,0d7b5c00-5054-478d-b842-b13868bd3adc,Khet Chom Thong,เขตจอมทอง,1035
d927e803-dd1c-4204-a054-60bddf62f0a6,0d7b5c00-5054-478d-b842-b13868bd3adc,Khet Don Mueang,เขตดอนเมือง,1036
0fe1fefc-a5e2-4a88-9066-3da4475703be,0d7b5c00-5054-478d-b842-b13868bd3adc,Khet Ratchathewi,เขตราชเทวี,1037
70b8f93e-3fbd-46f3-9836-cf97281eed98,0d7b5c00-5054-478d-b842-b13868bd3adc,Khet Lat Phrao,เขตลาดพร้าว,1038
a54dbcab-9d32-4ed4-9d28-b13895aee811,0d7b5c00-5054-478d-b842-b13868bd3adc,Khet Watthana,เขตวัฒนา,1039
8c3f2f74-8426-43f0-8f55-68451065b3e5,0d7b5c00-5054-478d-b842-b13868bd3adc,Khet Bang Khae,เขตบางแค,1040
2e3a5e48-c391-437f-a5e0-99ba17a775b9,0d7b5c00-5054-478d-b842-b13868bd3adc,Khet Lak Si,เขตหลักสี่,1041
90bb5c25-d9de-4bae-a061-9c61c41a4f53,0d7b5c00-5054-478d-b842-b13868bd3adc,Khet Sai Mai,เขตสายไหม,1042
a3daa9d7-59d6-40d3-b3d9-1b7a8ad5fccb,0d7b5c00-5054-478d-b842-b13868bd3adc,Khet Khan Na Yao,เขตคันนายาว,1043
d0431d40-a21d-4521-a52f-4633bbd5589f,0d7b5c00-5054-478d-b842-b13868bd3adc,Khet Saphan Sung,เขตสะพานสูง,1044
06bfc206-b2f2-43dd-b7f6-49ae72e3af6e,0d7b5c00-5054-478d-b842-b13868bd3adc,Khet Wang Thonglang,เขตวังทองหลาง,1045
02c9b616-687f-4a23-a545-f0e9ec4afef5,0d7b5c00-5054-478d-b842-b13868bd3adc,Khet Khlong Sam Wa,เขตคลองสามวา,1046
638ae22f-b5ff-49c6-98f3-b3d3cf8f230d,0d7b5c00-5054-478d-b842-b13868bd3adc,Khet Bang Na,เขตบางนา,1047
24b6df61-6753-48d5-ae0b-879087fda32b,0d7b5c00-5054-478d-b842-b13868bd3adc,Khet Thawi Watthana,เขตทวีวัฒนา,1048
93fc9fc9-843a-4909-8431-623da3ee3b42,0d7b5c00-5054-478d-b842-b13868bd3adc,Khet Thung Khru,เขตทุ่งครุ,1049
58c2ce80-a72a-4c9a-afed-00da8f3901dc,0d7b5c00-5054-478d-b842-b13868bd3adc,Khet Bang Bon,เขตบางบอน,1050
a3e6ae53-ccb3-435f-bd2e-aabed2274c0a,547c2b8e-c3bf-4425-b8f6-7e75bad656a4,Mueang Samut Prakan,เมืองสมุทรปราการ,1101
df226a85-07c5-4fe0-ade8-20b79b070123,547c2b8e-c3bf-4425-b8f6-7e75bad656a4,Bang Bo,บางบ่อ,1102
e1742ce5-2cb0-4eff-9d7b-cdba0368ec90,547c2b8e-c3bf-4425-b8f6-7e75bad656a4,Bang Phli,บางพลี,1103
564b143b-bc0f-49c7-a2f2-615debfe8264,547c2b8e-c3bf-4425-b8f6-7e75bad656a4,Phra Pradaeng,พระประแดง,1104
4a3fec5d-27bd-413d-aa4e-db707233df39,547c2b8e-c3bf-4425-b8f6-7e75bad656a4,Phra Samut Chedi,พระสมุทรเจดีย์,1105
a59d1f54-8bd0-48a2-9e4c-0eb48c9fd008,547c2b8e-c3bf-4425-b8f6-7e75bad656a4,Bang Sao Thong,บางเสาธง,1106
d200f085-f8af-405c-aff1-9ebd8560052e,6304c9dc-fea3-4de9-86ba-783ccb510491,Mueang Nonthaburi,เมืองนนทบุรี,1201
1d51459a-76ab-45c2-b18d-88e620c65def,6304c9dc-fea3-4de9-86ba-783ccb510491,Bang Kruai,บางกรวย,1202
867207f8-cb30-4581-b0aa-0782ad03fa98,6304c9dc-fea3-4de9-86ba-783ccb510491,Bang Yai,บางใหญ่,1203
767eeef1-7a72-4223-856e-70ff34c0171c,6304c9dc-fea3-4de9-86ba-783ccb510491,Bang Bua Thong,บางบัวทอง,1204
765cb3b3-719f-4461-96d2-095375f0679e,6304c9dc-fea3-4de9-86ba-783ccb510491,Sai Noi,ไทรน้อย,1205
2fddf531-e55d-4109-b36c-4b985493587b,6304c9dc-fea3-4de9-86ba-783ccb510491,Pak Kret,ปากเกร็ด,1206
59db19f1-3187-450b-8a11-6a2106d1bd24,64333d9a-106e-4c7b-a20e-bb4f50ac45d3,Mueang Pathum Thani,เมืองปทุมธานี,1301
4d6d2443-8a51-4e64-929c-dc03ec850d33,64333d9a-106e-4c7b-a20e-bb4f50ac45d3,Khlong Luang,คลองหลวง,1302
cc3d36f1-4ed9-49a4-af34-11e6a490f0ad,64333d9a-106e-4c7b-a20e-bb4f50ac45d3,Thanyaburi,ธัญบุรี,1303
08feabf5-7078-4886-aeab-986abdc2c4ae,64333d9a-106e-4c7b-a20e-bb4f50ac45d3,Nong Suea,หนองเสือ,1304
b9224d08-f1a1-43a7-bfb7-e71d55a3aadb,64333d9a-106e-4c7b-a20e-bb4f50ac45d3,Lat Lum Kaeo,ลาดหลุมแก้ว,1305
ba87f69c-eb37-4492-9ff3-534b95425f8e,64333d9a-106e-4c7b-a20e-bb4f50ac45d3,Lam Luk Ka,ลำลูกกา,1306
6e029da5-ed29-43f2-a591-400406f7dc3b,64333d9a-106e-4c7b-a20e-bb4f50ac45d3,Sam Khok,สามโคก,1307
753fedb1-bfa5-49ee-b541-b3f908d623ec,447cc244-6800-40ee-b065-5a3f5859aec3,Phra Nakhon Si Ayutthaya,พระนครศรีอยุธยา,1401
50ec03ae-8dbf-4689-bc38-e58e97f0dfd6,447cc244-6800-40ee-b065-5a3f5859aec3,Tha Ruea,ท่าเรือ,1402
2bedb295-738a-4991-8e6e-9bb69022e00c,447cc244-6800-40ee-b065-5a3f5859aec3,Nakhon Luang,นครหลวง,1403
142653ab-7035-447f-9a0b-222c05ba9d44,447cc244-6800-40ee-b065-5a3f5859aec3,Bang Sai,บางไทร,1404
53dfbd43-fbaf-48c3-971d-d883ebe327c7,447cc244-6800-40ee-b065-5a3f5859aec3,Bang Ban,บางบาล,1405
08d52026-afd9-4f58-af0c-9bf36d0c10a9,447cc244-6800-40ee-b065-5a3f5859aec3,Bang Pa-in,บางปะอิน,1406
16312130-4abf-4804-9c41-c0757f04843d,447cc244-6800-40ee-b065-5a3f5859aec3,Bang Pahan,บางปะหัน,1407
8cbff4cc-74ee-4728-bdf8-f7d6208a06d4,447cc244-6800-40ee-b065-5a3f5859aec3,Phak Hai,ผักไห่,1408
c76e7508-47ad-469d-ac64-2e20552d3e34,447cc244-6800-40ee-b065-5a3f5859aec3,Phachi,ภาชี,1409
369a0d96-59fe-419c-a5d7-439491d184fb,447cc244-6800-40ee-b065-5a3f5859aec3,Lat Bua Luang,ลาดบัวหลวง,1410
db289afb-9db8-41ff-b649-b0e771ec16b5,447cc244-6800-40ee-b065-5a3f5859aec3,Wang Noi,วังน้อย,1411
a0444940-0e12-4604-9fca-b4d592b98b9b,447cc244-6800-40ee-b065-5a3f5859aec3,Sena,เสนา,1412
d4966b1a-d46c-40c4-9728-3f91650202c3,447cc244-6800-40ee-b065-5a3f5859aec3,Bang Sai,บางซ้าย,1413
a8f2f868-b80a-4d9e-8ac5-5961964f90a6,447cc244-6800-40ee-b065-5a3f5859aec3,Uthai,อุทัย,1414
ac1b9727-302d-42d4-a6bd-50010a1a8469,447cc244-6800-40ee-b065-5a3f5859aec3,Maha Rat,มหาราช,1415
352f6f3f-562e-4c35-9c6c-6ad76fced28b,447cc244-6800-40ee-b065-5a3f5859aec3,Ban Phraek,บ้านแพรก,1416
a416a2f7-494e-45ad-83cf-588e555995a5,2ada8a21-e46b-470f-bf7d-7a098497447a,Mueang Ang Thong,เมืองอ่างทอง,1501
8cf787c9-b588-4a41-b556-3a91ac986e44,2ada8a21-e46b-470f-bf7d-7a098497447a,Chaiyo,ไชโย,1502
9f532a04-27e4-4f1c-ba1d-99195f44a40a,2ada8a21-e46b-470f-bf7d-7a098497447a,Pa Mok,ป่าโมก,1503
81f9808a-c3ff-43e3-85a5-41a40a1ed9ee,2ada8a21-e46b-470f-bf7d-7a098497447a,Pho Thong,โพธิ์ทอง,1504
aa2c7540-05d7-4d88-bf07-a626d9de66c2,2ada8a21-e46b-470f-bf7d-7a098497447a,Sawaeng Ha,แสวงหา,1505
630a29fc-93e9-4f62-9ccc-427f11978d65,2ada8a21-e46b-470f-bf7d-7a098497447a,Wiset Chai Chan,วิเศษชัยชาญ,1506
f72bd484-c928-4dfc-a193-22392e8a396d,2ada8a21-e46b-470f-bf7d-7a098497447a,Samko,สามโก้,1507
8f5453a0-3b63-46a8-a9ed-edf5fc7d2e38,f02e16a9-5fd5-4cd4-942b-f70559180d00,Mueang Lop Buri,เมืองลพบุรี,1601
e554151c-0314-4f0e-b6bc-ad469547ea45,f02e16a9-5fd5-4cd4-942b-f70559180d00,Phatthana Nikhom,พัฒนานิคม,1602
70ccb66e-e4c0-4807-9b0b-4dd6bfc30807,f02e16a9-5fd5-4cd4-942b-f70559180d00,Khok Samrong,โคกสำโรง,1603
322dc42f-956b-417e-89b0-c6c8110bcdd7,f02e16a9-5fd5-4cd4-942b-f70559180d00,Chai Badan,ชัยบาดาล,1604
5c941fa8-603d-4147-9ea3-833574778622,f02e16a9-5fd5-4cd4-942b-f70559180d00,Tha Wung,ท่าวุ้ง,1605
47000818-26e6-43a8-b4af-883367ed0d57,f02e16a9-5fd5-4cd4-942b-f70559180d00,Ban Mi,บ้านหมี่,1606
c39137d2-0de6-4d2a-a897-878077f18d30,f02e16a9-5fd5-4cd4-942b-f70559180d00,Tha Luang,ท่าหลวง,1607
203cd67d-ece5-40d0-bb09-0b9cd6ef7ea4,f02e16a9-5fd5-4cd4-942b-f70559180d00,Sa Bot,สระโบสถ์,1608
cadd51aa-111e-4b71-991c-15219d96c37c,f02e16a9-5fd5-4cd4-942b-f70559180d00,Khok Charoen,โคกเจริญ,1609
bbc05a09-4eae-4b27-a55e-9c645f8f26d1,f02e16a9-5fd5-4cd4-942b-f70559180d00,Lam Sonthi,ลำสนธิ,1610
41e80f57-b73d-4025-8f1a-55886252da66,f02e16a9-5fd5-4cd4-942b-f70559180d00,Nong Muang,หนองม่วง,1611
6b6fcf8d-c14c-44c3-b7eb-249868d64f73,daa8fc72-5a8c-44c6-943c-677d154bbeae,Mueang Sing Buri,เมืองสิงห์บุรี,1701
825ffdc4-e5f3-45b3-a408-d2d982d5213e,daa8fc72-5a8c-44c6-943c-677d154bbeae,Bang Rachan,บางระจัน,1702
33072dbc-784a-4781-8cd4-d4464e90ef88,daa8fc72-5a8c-44c6-943c-677d154bbeae,Khai Bang Rachan,ค่ายบางระจัน,1703
e22e478c-9fdc-466b-a73f-b9c300d8883b,daa8fc72-5a8c-44c6-943c-677d154bbeae,Phrom Buri,พรหมบุรี,1704
4854ba58-cae6-46d7-be1e-015f0a69d63a,daa8fc72-5a8c-44c6-943c-677d154bbeae,Tha Chang,ท่าช้าง,1705
17aeaccb-58de-44e0-a8b9-be70c83153d6,daa8fc72-5a8c-44c6-943c-677d154bbeae,In Buri,อินทร์บุรี,1706
c0f0b672-757e-4110-8291-5bbca835696f,1c4f10de-1b17-4ffe-a45f-0239292216a5,Mueang Chai Nat,เมืองชัยนาท,1801
385f736c-9467-4781-bc3c-00c7569f128e,1c4f10de-1b17-4ffe-a45f-0239292216a5,Manorom,มโนรมย์,1802
3c171f9b-2890-4fd6-89cd-ab8ddd4e2e31,1c4f10de-1b17-4ffe-a45f-0239292216a5,Wat Sing,วัดสิงห์,1803
b6fd195f-5cd3-4459-ac61-d9e5bff875bd,1c4f10de-1b17-4ffe-a45f-0239292216a5,Sapphaya,สรรพยา,1804
9d2e311f-79d3-46f6-8737-66cbcc76fd85,1c4f10de-1b17-4ffe-a45f-0239292216a5,Sankhaburi,สรรคบุรี,1805
b3d86cb5-21c3-4c79-a882-36ba68478564,1c4f10de-1b17-4ffe-a45f-0239292216a5,Hankha,หันคา,1806
42a662ee-da7e-439a-8606-4de1d9194b2c,1c4f10de-1b17-4ffe-a45f-0239292216a5,Nong Mamong,หนองมะโมง,1807
5fb1a4dc-ec27-4d09-8b71-684aa46eb16c,1c4f10de-1b17-4ffe-a45f-0239292216a5,Noen Kham,เนินขาม,1808
c328f07d-22ed-4ead-87a1-b25b3924cad9,78f3ff66-75e9-4533-98f7-f6fe9c5c802a,Mueang Saraburi,เมืองสระบุรี,1901
bc8c98f1-5ed5-4860-be1b-4b1402773a16,78f3ff66-75e9-4533-98f7-f6fe9c5c802a,Kaeng Khoi,แก่งคอย,1902
b4f43916-3569-4d56-895f-d5219f7f642a,78f3ff66-75e9-4533-98f7-f6fe9c5c802a,Nong Khae,หนองแค,1903
289162c6-692d-4193-a7c9-18db41f27a92,78f3ff66-75e9-4533-98f7-f6fe9c5c802a,Wihan Daeng,วิหารแดง,1904
1b4ffc98-8ec8-4f42-9419-4d7827efa423,78f3ff66-75e9-4533-98f7-f6fe9c5c802a,Nong Saeng,หนองแซง,1905
4778ae15-282f-48e9-8ccd-3c27346e620a,78f3ff66-75e9-4533-98f7-f6fe9c5c802a,Ban Mo,บ้านหมอ,1906
2899e4bc-e552-4984-93f2-66df22e87289,78f3ff66-75e9-4533-98f7-f6fe9c5c802a,Don Phut,ดอนพุด,1907
47247d95-444b-40da-9fc4-6a4f920e2a63,78f3ff66-75e9-4533-98f7-f6fe9c5c802a,Nong Don,หนองโดน,1908
8fe373a2-4eb9-4137-8a0f-32731e5ebb8c,78f3ff66-75e9-4533-98f7-f6fe9c5c802a,Phra Phutthabat,พระพุทธบาท,1909
64d60dc0-6ffc-4dff-b322-5f69db642f95,78f3ff66-75e9-4533-98f7-f6fe9c5c802a,Sao Hai,เสาไห้,1910
088523dc-2e0c-43ce-99ec-b4daf7a76b57,78f3ff66-75e9-4533-98f7-f6fe9c5c802a,Muak Lek,มวกเหล็ก,1911
a89daf9c-bd43-40dc-8f15-618594b3d3a2,78f3ff66-75e9-4533-98f7-f6fe9c5c802a,Wang Muang,วังม่วง,1912
385bf2e5-dcb3-435d-a551-b73d0095be35,78f3ff66-75e9-4533-98f7-f6fe9c5c802a,Chaloem Phra Kiat,เฉลิมพระเกียรติ,1913
1a911ec1-7f19-4265-b4ba-8e9e22c78610,3e66523c-c6f8-4425-a524-aaed07d21c55,Mueang Chon Buri,เมืองชลบุรี,2001
df822d2c-2455-4360-adc0-fb54e8a50be3,3e66523c-c6f8-4425-a524-aaed07d21c55,Ban Bueng,บ้านบึง,2002
77e1eb97-255d-4484-9f0d-f316854ce33d,3e66523c-c6f8-4425-a524-aaed07d21c55,Nong Yai,หนองใหญ่,2003
4df25e79-e6e6-4648-a66a-b65b708949c9,3e66523c-c6f8-4425-a524-aaed07d21c55,Bang Lamung,บางละมุง,2004
66f0abb5-bc56-4ae9-8c34-a96cdf27d2f8,3e66523c-c6f8-4425-a524-aaed07d21c55,Phan Thong,พานทอง,2005
429aa6b7-8c3f-4334-bc61-7723d5ef188d,3e66523c-c6f8-4425-a524-aaed07d21c55,Phanat Nikhom,พนัสนิคม,2006
3cb8746a-78dc-4197-98b7-f0b65c549934,3e66523c-c6f8-4425-a524-aaed07d21c55,Si Racha,ศรีราชา,2007
271525e5-3739-44e7-bdf1-6feccbd513e6,3e66523c-c6f8-4425-a524-aaed07d21c55,Ko Sichang,เกาะสีชัง,2008
f929843c-01db-4660-a594-d89ac52bcb97,3e66523c-c6f8-4425-a524-aaed07d21c55,Sattahip,สัตหีบ,2009
fd416998-c6db-48dc-83a7-2f901e71b411,3e66523c-c6f8-4425-a524-aaed07d21c55,Bo Thong,บ่อทอง,2010
0935e211-488d-452e-9041-389dab32e336,3e66523c-c6f8-4425-a524-aaed07d21c55,Ko Chan,เกาะจันทร์,2011
30aa0443-ee0c-4e85-9f07-4b02b3272f53,d6e75731-c68a-4e39-ad98-87ee4724144c,Mueang Rayong,เมืองระยอง,2101
5e2d866b-e574-4ccc-93f8-a16f63623a06,d6e75731-c68a-4e39-ad98-87ee4724144c,Ban Chang,บ้านฉาง,2102
64807285-af84-4804-9cc7-9c7a4064ef81,d6e75731-c68a-4e39-ad98-87ee4724144c,Klaeng,แกลง,2103
5f3e31cc-5fa1-473b-8647-f0e7dbdeb5ba,d6e75731-c68a-4e39-ad98-87ee4724144c,Wang Chan,วังจันทร์,2104
ee3fdb29-d108-4811-9560-40e5bcc651e6,d6e75731-c68a-4e39-ad98-87ee4724144c,Ban Khai,บ้านค่าย,2105
426104b4-8abe-4f34-aea2-05569bdbcbbf,d6e75731-c68a-4e39-ad98-87ee4724144c,Pluak Daeng,ปลวกแดง,2106
855b888f-ed54-4c26-b01f-3f38894c7b73,d6e75731-c68a-4e39-ad98-87ee4724144c,Khao Chamao,เขาชะเมา,2107
3c037509-10c3-4990-adf0-18787ee3c67e,d6e75731-c68a-4e39-ad98-87ee4724144c,Nikhom Phatthana,นิคมพัฒนา,2108
7eedf0f1-f004-436a-bcf3-eb18119ec714,b9675662-2f58-4751-b427-cc37ae995dd2,Mueang Chanthaburi,เมืองจันทบุรี,2201
577abfec-76b1-45a6-8956-33a4c7d81e70,b9675662-2f58-4751-b427-cc37ae995dd2,Khlung,ขลุง,2202
2a5e92ef-3512-4755-a267-4b0be545c288,b9675662-2f58-4751-b427-cc37ae995dd2,Tha Mai,ท่าใหม่,2203
177794b8-fcad-4c42-b1d1-80836bf253ea,b9675662-2f58-4751-b427-cc37ae995dd2,Pong Nam Ron,โป่งน้ำร้อน,2204
cc9ac342-535d-4db5-ab91-ef0e6e6515c9,b9675662-2f58-4751-b427-cc37ae995dd2,Makham,มะขาม,2205
91f652dd-184a-464b-bcfc-5c72a5bb4558,b9675662-2f58-4751-b427-cc37ae995dd2,Laem Sing,แหลมสิงห์,2206
208e88fd-8bab-44e2-a319-3e89b3c65b4d,b9675662-2f58-4751-b427-cc37ae995dd2,Soi Dao,สอยดาว,2207
de6eb6ff-f3ad-4483-9341-b935df6d6486,b9675662-2f58-4751-b427-cc37ae995dd2,Kaeng Hang Maeo,แก่งหางแมว,2208
c117c4f1-98e0-4710-bd53-276d566782b1,b9675662-2f58-4751-b427-cc37ae995dd2,Na Yai Am,นายายอาม,2209
33465aed-988a-4fc1-8198-f1cca5be7480,b9675662-2f58-4751-b427-cc37ae995dd2,Khoa Khitchakut,เขาคิชฌกูฏ,2210
498ce9a0-10ea-492b-8fd3-4d9a9c2933df,ae1a6e86-51c6-42f1-a072-1b68452dc6c8,Mueang Trat,เมืองตราด,2301
ec1cdaab-6b30-4ea8-a7b3-0a99ffb0b360,ae1a6e86-51c6-42f1-a072-1b68452dc6c8,Khlong Yai,คลองใหญ่,2302
9769db46-086c-4ca3-bce9-b1b6847210b9,ae1a6e86-51c6-42f1-a072-1b68452dc6c8,Khao Saming,เขาสมิง,2303
7055bf2c-cd20-429a-b4a0-22ee4572d56e,ae1a6e86-51c6-42f1-a072-1b68452dc6c8,Bo Rai,บ่อไร่,2304
f3835d7a-eb7b-49fb-af1e-c93a27a9762f,ae1a6e86-51c6-42f1-a072-1b68452dc6c8,Laem Ngop,แหลมงอบ,2305
4601e797-7ca8-4fdd-897b-762600a00b58,ae1a6e86-51c6-42f1-a072-1b68452dc6c8,Ko Kut,เกาะกูด,2306
8fd2893c-c677-4d36-bb63-5fb3b1157723,ae1a6e86-51c6-42f1-a072-1b68452dc6c8,Ko Chang,เกาะช้าง,2307
a22e1c55-ab03-4818-b371-91d513cb321e,6d3a46b8-89d5-4ae9-aff6-b1626c188c51,Mueang Chachoengsao,เมืองฉะเชิงเทรา,2401
a9a8f802-2081-469a-b807-6a047a5206de,6d3a46b8-89d5-4ae9-aff6-b1626c188c51,Bang Khla,บางคล้า,2402
9c940c42-71fd-470e-8b66-03699b866136,6d3a46b8-89d5-4ae9-aff6-b1626c188c51,Bang Nam Priao,บางน้ำเปรี้ยว,2403
8bad0382-d454-4af7-99e5-92ad8f816057,6d3a46b8-89d5-4ae9-aff6-b1626c188c51,Bang Pakong,บางปะกง,2404
21338f2c-e285-4e4c-81e6-3d69481c27ee,6d3a46b8-89d5-4ae9-aff6-b1626c188c51,Ban Pho,บ้านโพธิ์,2405
47aac0fc-d8b9-4249-a00a-90623c45bec5,6d3a46b8-89d5-4ae9-aff6-b1626c188c51,Phanom Sarakham,พนมสารคาม,2406
03e783b1-5654-4236-b9c1-b5e2eee3d426,6d3a46b8-89d5-4ae9-aff6-b1626c188c51,Ratchasan,ราชสาส์น,2407
366e961a-f1cf-4dda-becb-a4c02deed843,6d3a46b8-89d5-4ae9-aff6-b1626c188c51,Sanam Chai Khet,สนามชัยเขต,2408
167a92b5-3ab7-40f3-b178-44d7da11c9d4,6d3a46b8-89d5-4ae9-aff6-b1626c188c51,Plaeng Yao,แปลงยาว,2409
62785faf-def7-4dfa-b6d2-15833d23eb4e,6d3a46b8-89d5-4ae9-aff6-b1626c188c51,Tha Takiap,ท่าตะเกียบ,2410
de8db8b2-c6e6-4a33-9509-ea9fa2b293e3,6d3a46b8-89d5-4ae9-aff6-b1626c188c51,Khlong Khuean,คลองเขื่อน,2411
615b6f79-4932-4144-932f-43229dca4cd3,e6309b95-83da-4468-9ecd-a813fc34dc24,Mueang Prachin Buri,เมืองปราจีนบุรี,2501
b53dd362-b7ae-4ff6-a4ce-118292e5462c,e6309b95-83da-4468-9ecd-a813fc34dc24,Kabin Buri,กบินทร์บุรี,2502
4a99ad8f-53ef-4a45-80ec-d47c4bf78e2b,e6309b95-83da-4468-9ecd-a813fc34dc24,Na Di,นาดี,2503
01994822-c65f-4785-a0b5-4cf66622d747,e6309b95-83da-4468-9ecd-a813fc34dc24,Ban Sang,บ้านสร้าง,2506
b50c9368-913f-40fe-8806-501ff77adce8,e6309b95-83da-4468-9ecd-a813fc34dc24,Prachantakham,ประจันตคาม,2507
78a2dbfa-e478-4ab4-b84b-33f46aa2e09d,e6309b95-83da-4468-9ecd-a813fc34dc24,Si Maha Phot,ศรีมหาโพธิ,2508
3770fa07-7a81-481e-8180-cc8dde07ce86,e6309b95-83da-4468-9ecd-a813fc34dc24,Si Mahosot,ศรีมโหสถ,2509
605bdbc3-f492-4418-b8e3-456e91774cbe,fc50956f-6ce3-4752-ad28-1ed564f72ad4,Mueang Nakhon Nayok,เมืองนครนายก,2601
451ed42e-db93-4495-9eef-31cbf9fbce18,fc50956f-6ce3-4752-ad28-1ed564f72ad4,Pak Phli,ปากพลี,2602
92e5600a-58e0-456a-9bd4-74e5b04b71cc,fc50956f-6ce3-4752-ad28-1ed564f72ad4,Ban Na,บ้านนา,2603
91ce5264-33eb-4a81-a831-1665b9ed594d,fc50956f-6ce3-4752-ad28-1ed564f72ad4,Ongkharak,องครักษ์,2604
30876385-e05c-4460-b425-1ced4cc9722d,c3e29514-bf1b-40fc-b8ae-647a7392c0ee,Mueang Sa Kaeo,เมืองสระแก้ว,2701
ef7cbc80-d489-4456-ab1b-f4f7d46a42f9,c3e29514-bf1b-40fc-b8ae-647a7392c0ee,Khlong Hat,คลองหาด,2702
325ba527-2970-4778-8972-8afb2afc6547,c3e29514-bf1b-40fc-b8ae-647a7392c0ee,Ta Phraya,ตาพระยา,2703
c3f49791-0f2f-4407-865b-4c5c5519a2ff,c3e29514-bf1b-40fc-b8ae-647a7392c0ee,Wang Nam Yen,วังน้ำเย็น,2704
09298bc1-3780-408d-a516-365d52c608d8,c3e29514-bf1b-40fc-b8ae-647a7392c0ee,Watthana Nakhon,วัฒนานคร,2705
4dc993f2-206f-43e5-aa3c-b818c0b94683,c3e29514-bf1b-40fc-b8ae-647a7392c0ee,Aranyaprathet,อรัญประเทศ,2706
46e0b7e1-22fa-4bf9-8e80-55215a833237,c3e29514-bf1b-40fc-b8ae-647a7392c0ee,Khao Chakan,เขาฉกรรจ์,2707
5a88b6ea-4083-478f-ae6c-5afbe3ca6fd5,c3e29514-bf1b-40fc-b8ae-647a7392c0ee,Khok Sung,โคกสูง,2708
4d9619c5-13d2-4a69-ac20-0ee4302ecd63,c3e29514-bf1b-40fc-b8ae-647a7392c0ee,Wang Sombun,วังสมบูรณ์,2709
8ca65938-a03e-4308-a4d3-a08facc725d7,29b762dc-6838-44a2-b09f-3e896a5f164c,Mueang Nakhon Ratchasima,เมืองนครราชสีมา,3001
b88760e5-9430-42e4-9214-2cd1f08de3e9,29b762dc-6838-44a2-b09f-3e896a5f164c,Khon Buri,ครบุรี,3002
36b772af-b9b2-4bab-8573-c60981f6c947,29b762dc-6838-44a2-b09f-3e896a5f164c,Soeng Sang,เสิงสาง,3003
dcc30fca-684e-4eb5-9e40-104c8a3351a4,29b762dc-6838-44a2-b09f-3e896a5f164c,Khong,คง,3004
b267f41d-2823-403a-b2e0-f3b9758a8ba0,29b762dc-6838-44a2-b09f-3e896a5f164c,Ban Lueam,บ้านเหลื่อม,3005
de8aac35-2eb2-4b82-bb7f-86c19ed3eca1,29b762dc-6838-44a2-b09f-3e896a5f164c,Chakkarat,จักราช,3006
1d87e124-84a7-46da-aa01-31f266abdc17,29b762dc-6838-44a2-b09f-3e896a5f164c,Chok Chai,โชคชัย,3007
4fd88369-4318-4385-8475-e4c82f11b54d,29b762dc-6838-44a2-b09f-3e896a5f164c,Dan Khun Thot,ด่านขุนทด,3008
ca7899bb-2b17-4376-9091-22c138ce924a,29b762dc-6838-44a2-b09f-3e896a5f164c,Non Thai,โนนไทย,3009
12e1662c-83d1-4f90-b9a6-a6ced13c45ad,29b762dc-6838-44a2-b09f-3e896a5f164c,Non Sung,โนนสูง,3010
cfa16d3a-01fe-4e5e-95ca-6da5aab99b04,29b762dc-6838-44a2-b09f-3e896a5f164c,Kham Sakaesaeng,ขามสะแกแสง,3011
c450c907-ebf4-4271-b7ec-3bdfe8bfa8eb,29b762dc-6838-44a2-b09f-3e896a5f164c,Bua Yai,บัวใหญ่,3012
d25f9d6d-5ed2-49f3-a087-8c49a5cab996,29b762dc-6838-44a2-b09f-3e896a5f164c,Prathai,ประทาย,3013
1fc8fbd0-8376-4407-aec4-72d21cde1103,29b762dc-6838-44a2-b09f-3e896a5f164c,Pak Thong Chai,ปักธงชัย,3014
339d658e-1cbc-44ec-b6f1-48f279bfca1f,29b762dc-6838-44a2-b09f-3e896a5f164c,Phimai,พิมาย,3015
3b4624de-3c49-4450-a594-8d3cb777abbb,29b762dc-6838-44a2-b09f-3e896a5f164c,Huai Thalaeng,ห้วยแถลง,3016
63b625c6-bfe5-4fe5-be91-94ba6311918e,29b762dc-6838-44a2-b09f-3e896a5f164c,Chum Phuang,ชุมพวง,3017
838dba43-100c-4710-8668-32e939742254,29b762dc-6838-44a2-b09f-3e896a5f164c,Sung Noen,สูงเนิน,3018
a64700ea-03b0-4804-b8d6-52910a92658c,29b762dc-6838-44a2-b09f-3e896a5f164c,Kham Thale So,ขามทะเลสอ,3019
943119b1-703b-4d46-9b13-2cf140fec123,29b762dc-6838-44a2-b09f-3e896a5f164c,Sikhio,สีคิ้ว,3020
21116bc7-a6e6-417b-a790-cefc860aa9cd,29b762dc-6838-44a2-b09f-3e896a5f164c,Pak Chong,ปากช่อง,3021
74c747d7-7312-4978-ac68-5ce80a5077b2,29b762dc-6838-44a2-b09f-3e896a5f164c,Nong Bunnak,หนองบุญมาก,3022
ee42b1b4-61bc-452d-b968-46c2fc9744b6,29b762dc-6838-44a2-b09f-3e896a5f164c,Kaeng Sanam Nang,แก้งสนามนาง,3023
4e5c826a-7a63-4a31-82f0-6b202882019d,29b762dc-6838-44a2-b09f-3e896a5f164c,Non Daeng,โนนแดง,3024
8c3e6986-6c24-42e9-9c1a-8e02f8792cd1,29b762dc-6838-44a2-b09f-3e896a5f164c,Wang Nam Khiao,วังน้ำเขียว,3025
15c51635-369a-4258-a854-ddbd2d887a99,29b762dc-6838-44a2-b09f-3e896a5f164c,Thepharak,เทพารักษ์,3026
7be057cd-530c-4728-ad87-bce49f65c255,29b762dc-6838-44a2-b09f-3e896a5f164c,Mueang Yang,เมืองยาง,3027
83c9b279-59c5-4ff4-aba4-26287a155dc4,29b762dc-6838-44a2-b09f-3e896a5f164c,Phra Thong Kham,พระทองคำ,3028
f3252671-1c79-4e28-9c47-f906862d6377,29b762dc-6838-44a2-b09f-3e896a5f164c,Lam Thamenchai,ลำทะเมนชัย,3029
637771dc-d0bf-43b1-a43a-1fdb410a5998,29b762dc-6838-44a2-b09f-3e896a5f164c,Bua Lai,บัวลาย,3030
c9110172-9d4b-408d-8ce9-1628775a0856,29b762dc-6838-44a2-b09f-3e896a5f164c,Sida,สีดา,3031
deaf8b49-0a99-4470-a0d3-59155a698016,29b762dc-6838-44a2-b09f-3e896a5f164c,Chaloem Phra Kiat,เฉลิมพระเกียรติ,3032
c04281fc-6787-4607-b037-3d5d02e5257b,e60f2715-ba1a-472c-9eb2-d947cb5caf19,Mueang Buri Ram,เมืองบุรีรัมย์,3101
f55c8708-9446-4f82-b578-56a462850cc6,e60f2715-ba1a-472c-9eb2-d947cb5caf19,Khu Mueang,คูเมือง,3102
ad1a64c5-7a81-40ab-b4c8-94f769775def,e60f2715-ba1a-472c-9eb2-d947cb5caf19,Krasang,กระสัง,3103
1b50a5d1-f6d8-4592-ac84-a002c099006f,e60f2715-ba1a-472c-9eb2-d947cb5caf19,Nang Rong,นางรอง,3104
ef8cc182-c206-41c7-90db-e60f5e0951f1,e60f2715-ba1a-472c-9eb2-d947cb5caf19,Nong Ki,หนองกี่,3105
0141d72a-24de-4b4f-81ce-0b6c6e3c38ea,e60f2715-ba1a-472c-9eb2-d947cb5caf19,Lahan Sai,ละหานทราย,3106
4c72149d-668b-4054-87ef-771fbec95744,e60f2715-ba1a-472c-9eb2-d947cb5caf19,Prakhon Chai,ประโคนชัย,3107
0470809e-1865-4675-a7eb-c7865424a1b0,e60f2715-ba1a-472c-9eb2-d947cb5caf19,Ban Kruat,บ้านกรวด,3108
43564209-75dd-4da6-bcd7-0a810c564605,e60f2715-ba1a-472c-9eb2-d947cb5caf19,Phutthaisong,พุทไธสง,3109
5ba10bf0-a03c-4762-b637-189b0469fc62,e60f2715-ba1a-472c-9eb2-d947cb5caf19,Lam Plai Mat,ลำปลายมาศ,3110
1ad61340-8c68-4e6c-b3fc-77a99db918db,e60f2715-ba1a-472c-9eb2-d947cb5caf19,Satuek,สตึก,3111
ba95c673-44bf-495a-97cd-40e8a2cbba74,e60f2715-ba1a-472c-9eb2-d947cb5caf19,Pakham,ปะคำ,3112
6d0271c0-eb4c-4ba4-8ffc-1017c92ece11,e60f2715-ba1a-472c-9eb2-d947cb5caf19,Na Pho,นาโพธิ์,3113
80be29a4-5cbe-48f8-b8e5-fcf1323c6d02,e60f2715-ba1a-472c-9eb2-d947cb5caf19,Nong Hong,หนองหงส์,3114
b6b40288-8d9f-442d-834e-1255dc5b07ee,e60f2715-ba1a-472c-9eb2-d947cb5caf19,Phlapphla Chai,พลับพลาชัย,3115
2c55d1e3-5136-4978-bf99-e33040a6ce05,e60f2715-ba1a-472c-9eb2-d947cb5caf19,Huai Rat,ห้วยราช,3116
fac88818-9169-4e52-847e-c93605c00c4f,e60f2715-ba1a-472c-9eb2-d947cb5caf19,Non Suwan,โนนสุวรรณ,3117
93ad857d-be66-4623-bac6-55f8d1822674,e60f2715-ba1a-472c-9eb2-d947cb5caf19,Chamni,ชำนิ,3118
0146d066-b696-4fcf-b4a6-c5281a376a63,e60f2715-ba1a-472c-9eb2-d947cb5caf19,Ban Mai Chaiyaphot,บ้านใหม่ไชยพจน์,3119
4f001ac2-8ee3-4c09-b79f-965ba28c0e7a,e60f2715-ba1a-472c-9eb2-d947cb5caf19,Din Daeng,โนนดินแดง,3120
3e2dd789-66b3-40ef-905c-2fe4a1e772a7,e60f2715-ba1a-472c-9eb2-d947cb5caf19,Ban Dan,บ้านด่าน,3121
2e87dde6-f6f8-4ca7-96dd-1321217a5f0c,e60f2715-ba1a-472c-9eb2-d947cb5caf19,Khaen Dong,แคนดง,3122
1e50294f-d821-493a-91fe-edea92bfa472,e60f2715-ba1a-472c-9eb2-d947cb5caf19,Chaloem Phra Kiat,เฉลิมพระเกียรติ,3123
0881985f-80fb-4862-af24-0bbd4e19c77e,e4462d76-0446-4dd6-a7fd-267ce7f6d83e,Mueang Surin,เมืองสุรินทร์,3201
f9ff01c9-5b26-46d6-894c-204314e21592,e4462d76-0446-4dd6-a7fd-267ce7f6d83e,Chumphon Buri,ชุมพลบุรี,3202
a42e0c72-4631-4bcc-b2b1-fc707a3ba242,e4462d76-0446-4dd6-a7fd-267ce7f6d83e,Tha Tum,ท่าตูม,3203
827b3a3b-4547-4730-b594-a8b928535d55,e4462d76-0446-4dd6-a7fd-267ce7f6d83e,Chom Phra,จอมพระ,3204
c332b4b6-98ac-4e72-a872-fb7537a1ea3a,e4462d76-0446-4dd6-a7fd-267ce7f6d83e,Prasat,ปราสาท,3205
8e65d81b-982f-4db6-a9e0-e3fdc7184528,e4462d76-0446-4dd6-a7fd-267ce7f6d83e,Kap Choeng,กาบเชิง,3206
cedd14f9-5277-43e7-a9f7-76e6c1b9632b,e4462d76-0446-4dd6-a7fd-267ce7f6d83e,Rattanaburi,รัตนบุรี,3207
6f53f9d5-3b96-4852-87d7-e12800db262d,e4462d76-0446-4dd6-a7fd-267ce7f6d83e,Sanom,สนม,3208
8f20c579-a009-42d6-8c8e-d5f10f0cc7de,e4462d76-0446-4dd6-a7fd-267ce7f6d83e,Sikhoraphum,ศีขรภูมิ,3209
a6dca17d-f17d-40b3-8c87-09defc568c68,e4462d76-0446-4dd6-a7fd-267ce7f6d83e,Sangkha,สังขะ,3210
4b4b0c33-d7e3-4102-aba9-54c798bfa0a1,e4462d76-0446-4dd6-a7fd-267ce7f6d83e,Lamduan,ลำดวน,3211
a98fb9c4-1107-4af8-8a4f-f13396683235,e4462d76-0446-4dd6-a7fd-267ce7f6d83e,Samrong Thap,สำโรงทาบ,3212
406f22de-ed5c-4126-ab58-4d122b661166,e4462d76-0446-4dd6-a7fd-267ce7f6d83e,Buachet,บัวเชด,3213
7387b1e3-e83c-4593-87b4-ccbe79b47e33,e4462d76-0446-4dd6-a7fd-267ce7f6d83e,Phanom Dong Rak,พนมดงรัก,3214
5ed86d75-be9a-4eee-898d-1d9c3026356e,e4462d76-0446-4dd6-a7fd-267ce7f6d83e,Si Narong,ศรีณรงค์,3215
ca730b9b-addd-46ad-8f91-e3ef23cc7101,e4462d76-0446-4dd6-a7fd-267ce7f6d83e,Khwao Sinarin,เขวาสินรินทร์,3216
28b20ac5-6e13-4d9f-9253-d87200b6c705,e4462d76-0446-4dd6-a7fd-267ce7f6d83e,Non Narai,โนนนารายณ์,3217
1e8997bd-77e2-4034-ab23-0d7707e6eef2,3b40d57f-4919-4710-a0a5-08af7e983c5b,Mueang Si Sa Ket,เมืองศรีสะเกษ,3301
ca3d1ee4-23cc-4b0e-8afa-ae14f691f641,3b40d57f-4919-4710-a0a5-08af7e983c5b,Yang Chum Noi,ยางชุมน้อย,3302
6e503068-f6af-4ef9-a7b2-8289cf9487bc,3b40d57f-4919-4710-a0a5-08af7e983c5b,Kanthararom,กันทรารมย์,3303
7ae4bd7b-4cf6-4215-89ec-fce39da6089a,3b40d57f-4919-4710-a0a5-08af7e983c5b,Kantharalak,กันทรลักษ์,3304
523290fd-f274-4148-a4a4-005e8473cab5,3b40d57f-4919-4710-a0a5-08af7e983c5b,Khukhan,ขุขันธ์,3305
135be86a-fe6c-4b79-832a-fd7b4feb0c8b,3b40d57f-4919-4710-a0a5-08af7e983c5b,Phrai Bueng,ไพรบึง,3306
bfa3b60a-1d80-4e30-b524-c4faf4ab648b,3b40d57f-4919-4710-a0a5-08af7e983c5b,Prang Ku,ปรางค์กู่,3307
3095ed8c-3fa2-40e3-a929-5d06a4c6a217,3b40d57f-4919-4710-a0a5-08af7e983c5b,Khun Han,ขุนหาญ,3308
e81ab257-75ed-4d24-94ee-ec3fbf259679,3b40d57f-4919-4710-a0a5-08af7e983c5b,Rasi Salai,ราษีไศล,3309
ad596e56-af0e-4cff-a1f7-186fe47fd5b7,3b40d57f-4919-4710-a0a5-08af7e983c5b,Uthumphon Phisai,อุทุมพรพิสัย,3310
3bdae726-fd12-423d-8195-8563d5f5bb8d,3b40d57f-4919-4710-a0a5-08af7e983c5b,Bueng Bun,บึงบูรพ์,3311
f6558443-bdd5-4d66-8a6b-5717058b68ff,3b40d57f-4919-4710-a0a5-08af7e983c5b,Huai Thap Than,ห้วยทับทัน,3312
ad5bceae-1c38-4717-95b5-63c317875a01,3b40d57f-4919-4710-a0a5-08af7e983c5b,Non Khun,โนนคูณ,3313
dd633553-3060-4902-b3ee-2da27457e7d6,3b40d57f-4919-4710-a0a5-08af7e983c5b,Si Rattana,ศรีรัตนะ,3314
0e556486-faff-47a5-9432-baa11cb5ce11,3b40d57f-4919-4710-a0a5-08af7e983c5b,Nam Kliang,น้ำเกลี้ยง,3315
b3e83c56-6c04-4224-b594-a510039b952a,3b40d57f-4919-4710-a0a5-08af7e983c5b,Wang Hin,วังหิน,3316
1d0678af-da0b-402b-9282-14d5556cf2f2,3b40d57f-4919-4710-a0a5-08af7e983c5b,Phu Sing,ภูสิงห์,3317
664d1e8d-cbcf-4eff-9819-f746d91df541,3b40d57f-4919-4710-a0a5-08af7e983c5b,Mueang Chan,เมืองจันทร์,3318
7547f798-feb6-497b-b528-64efe3843bce,3b40d57f-4919-4710-a0a5-08af7e983c5b,Benchalak,เบญจลักษ์,3319
04f9e6d4-d8c9-4e3c-b309-0619bb82eb09,3b40d57f-4919-4710-a0a5-08af7e983c5b,Phayu,พยุห์,3320
aa0673ae-bb76-495d-ba23-deb866b26ff5,3b40d57f-4919-4710-a0a5-08af7e983c5b,Pho Si Suwan,โพธิ์ศรีสุวรรณ,3321
7085f1be-4947-40b8-9660-2f4f3a5c89b1,3b40d57f-4919-4710-a0a5-08af7e983c5b,Sila Lat,ศิลาลาด,3322
4751a6c2-fbdd-47ff-9262-8afec6cfa63e,c8735267-195b-44ac-b7a5-6a7d6c704a48,Mueang Ubon Ratchathani,เมืองอุบลราชธานี,3401
b0b9e8c7-5cc2-45ed-bb70-8fe4550690b8,c8735267-195b-44ac-b7a5-6a7d6c704a48,Si Mueang Mai,ศรีเมืองใหม่,3402
0addc6c1-844a-43c6-8f80-47ae40b16e02,c8735267-195b-44ac-b7a5-6a7d6c704a48,Khong Chiam,โขงเจียม,3403
6a411325-90cc-4ec3-9f60-5bb6feafc3b6,c8735267-195b-44ac-b7a5-6a7d6c704a48,Khueang Nai,เขื่องใน,3404
7109ecb8-6a48-41ed-ba26-bc9036c9d171,c8735267-195b-44ac-b7a5-6a7d6c704a48,Khemarat,เขมราฐ,3405
6f8a40a4-7ca7-4c85-af5f-7eeb35046a43,c8735267-195b-44ac-b7a5-6a7d6c704a48,Det Udom,เดชอุดม,3407
5f6ec1c9-b749-44d0-bd09-50c7eee73591,c8735267-195b-44ac-b7a5-6a7d6c704a48,Na Chaluai,นาจะหลวย,3408
9ebe828f-4660-491c-9554-bd7c29cf9580,c8735267-195b-44ac-b7a5-6a7d6c704a48,Nam Yuen,น้ำยืน,3409
17f71b80-5bf3-411f-a740-44ae7942c5cb,c8735267-195b-44ac-b7a5-6a7d6c704a48,Buntharik,บุณฑริก,3410
eab2bdab-5093-4a4e-8f94-a18cfd7b14b4,c8735267-195b-44ac-b7a5-6a7d6c704a48,Trakan Phuet Phon,ตระการพืชผล,3411
12bb20b0-31f2-44b2-b58e-c323bc42bb76,c8735267-195b-44ac-b7a5-6a7d6c704a48,Kut Khaopun,กุดข้าวปุ้น,3412
23a9ad83-8460-427f-b2ae-f5e5b55538a1,c8735267-195b-44ac-b7a5-6a7d6c704a48,Muang Sam Sip,ม่วงสามสิบ,3414
cd0af2da-7b73-4066-a310-ca3f9dd1e0ee,c8735267-195b-44ac-b7a5-6a7d6c704a48,Warin Chamrap,วารินชำราบ,3415
f8d56c68-b666-48f5-8175-7e153b15b0df,c8735267-195b-44ac-b7a5-6a7d6c704a48,Phibun Mangsahan,พิบูลมังสาหาร,3419
44acb8dc-a247-4399-a2db-8f3a7d5d3791,c8735267-195b-44ac-b7a5-6a7d6c704a48,Tan Sum,ตาลสุม,3420
9a6b10a6-1ab3-4fff-90b5-d634e565610e,c8735267-195b-44ac-b7a5-6a7d6c704a48,Pho Sai,โพธิ์ไทร,3421
aee69240-9e3b-40ac-80df-d8e2d2f9992c,c8735267-195b-44ac-b7a5-6a7d6c704a48,Samrong,สำโรง,3422
1b48d046-c49e-4043-aeb3-b2e6b5b6f72f,c8735267-195b-44ac-b7a5-6a7d6c704a48,Don Mot Daeng,ดอนมดแดง,3424
a88b9984-8b5e-4783-bca1-9d5741f81615,c8735267-195b-44ac-b7a5-6a7d6c704a48,Sirindhorn,สิรินธร,3425
39280717-0b9d-4946-961f-3d0911140585,c8735267-195b-44ac-b7a5-6a7d6c704a48,Thung Si Udom,ทุ่งศรีอุดม,3426
972de14f-3e24-4768-8b97-007c43518d9a,c8735267-195b-44ac-b7a5-6a7d6c704a48,Na Yia,นาเยีย,3429
28e11ac4-0e21-43f5-978b-48690b8727a8,c8735267-195b-44ac-b7a5-6a7d6c704a48,Na Tan,นาตาล,3430
5669e819-3182-405d-a92e-b8748d7e20d0,c8735267-195b-44ac-b7a5-6a7d6c704a48,Lao Suea Kok,เหล่าเสือโก้ก,3431
4b7815fe-4e64-4883-8025-8b42d3a204e1,c8735267-195b-44ac-b7a5-6a7d6c704a48,Sawang Wirawong,สว่างวีระวงศ์,3432
13afbd4e-554a-4f09-9df8-b65ba5052e4d,c8735267-195b-44ac-b7a5-6a7d6c704a48,Nam Khun,น้ำขุ่น,3433
fa5ce44a-056d-4172-b411-595c25382def,19bbd042-0442-4e11-a958-a2d890fb1042,Mueang Yasothon,เมืองยโสธร,3501
2b2802df-5d2a-43d7-b5a9-2cc6c296ae98,19bbd042-0442-4e11-a958-a2d890fb1042,Sai Mun,ทรายมูล,3502
5e7ce766-643e-4503-ba8b-fef81e2e1589,19bbd042-0442-4e11-a958-a2d890fb1042,Kut Chum,กุดชุม,3503
9bb95533-7f20-4a83-ad0f-eabceb40c2ec,19bbd042-0442-4e11-a958-a2d890fb1042,Kham Khuean Kaeo,คำเขื่อนแก้ว,3504
edc1a33c-60eb-446d-bf6d-e0abacb1d1e5,19bbd042-0442-4e11-a958-a2d890fb1042,Pa Tio,ป่าติ้ว,3505
4f9cf6e2-41af-4667-a69d-0d31f6ecf87e,19bbd042-0442-4e11-a958-a2d890fb1042,Maha Chana Chai,มหาชนะชัย,3506
4050db02-b263-4400-9463-1ec2531196b8,19bbd042-0442-4e11-a958-a2d890fb1042,Kho Wang,ค้อวัง,3507
10204ae1-686a-4ade-a9ad-56262c3bf02f,19bbd042-0442-4e11-a958-a2d890fb1042,Loeng Nok Tha,เลิงนกทา,3508
1020da6d-a5a2-4e50-aea8-b10787d90637,19bbd042-0442-4e11-a958-a2d890fb1042,Thai Charoen,ไทยเจริญ,3509
d4b60bd8-6062-4297-8fec-f0a898e0f21e,6962c133-39d4-4e6a-a98a-8572ea4b5757,Mueang Chaiyaphum,เมืองชัยภูมิ,3601
0210126c-c130-47e4-b086-d4ca86feeb77,6962c133-39d4-4e6a-a98a-8572ea4b5757,Ban Khwao,บ้านเขว้า,3602
c464e222-7d9c-43b2-b4c2-5ba9a2b539aa,6962c133-39d4-4e6a-a98a-8572ea4b5757,Khon Sawan,คอนสวรรค์,3603
4c74003a-244e-4e39-a75b-68f478c185c5,6962c133-39d4-4e6a-a98a-8572ea4b5757,Kaset Sombun,เกษตรสมบูรณ์,3604
5d6d67a6-001c-4430-8e6b-b39f38445bed,6962c133-39d4-4e6a-a98a-8572ea4b5757,Nong Bua Daeng,หนองบัวแดง,3605
adee9826-bde4-4873-9ab6-080ecc22524c,6962c133-39d4-4e6a-a98a-8572ea4b5757,Chatturat,จัตุรัส,3606
76d7d00d-b722-4adf-9dff-d259c59921aa,6962c133-39d4-4e6a-a98a-8572ea4b5757,Bamnet Narong,บำเหน็จณรงค์,3607
12bc5a04-1287-413b-a856-660df3841c43,6962c133-39d4-4e6a-a98a-8572ea4b5757,Nong Bua Rawe,หนองบัวระเหว,3608
b169b012-61ce-46e1-8405-1d2b24c28e19,6962c133-39d4-4e6a-a98a-8572ea4b5757,Thep Sathit,เทพสถิต,3609
a68ca956-9884-41e0-baa9-aaaf9d735aed,6962c133-39d4-4e6a-a98a-8572ea4b5757,Phu Khiao,ภูเขียว,3610
00016fe0-a12a-42b5-9949-2d7e3a82f6c3,6962c133-39d4-4e6a-a98a-8572ea4b5757,Ban Thaen,บ้านแท่น,3611
d5507c93-8d26-4f15-81b7-f3abae2473ba,6962c133-39d4-4e6a-a98a-8572ea4b5757,Kaeng Khro,แก้งคร้อ,3612
0f05e3a2-6b1d-4540-a72f-385081dace98,6962c133-39d4-4e6a-a98a-8572ea4b5757,Khon San,คอนสาร,3613
6280eee8-21f3-4e91-9bbd-55b9bc6424ec,6962c133-39d4-4e6a-a98a-8572ea4b5757,Phakdi Chumphon,ภักดีชุมพล,3614
8df2bcd1-6206-4d07-9fbb-cb907b518583,6962c133-39d4-4e6a-a98a-8572ea4b5757,Noen Sa-nga,เนินสง่า,3615
f9eabbc5-9bb9-42d9-b33a-3de585c8f508,6962c133-39d4-4e6a-a98a-8572ea4b5757,Sap Yai,ซับใหญ่,3616
f51a5297-dfa2-45aa-8299-60adb76e69dc,d86a8066-e0dc-436e-af4a-17782e4c7c4f,Mueang Amnat Charoen,เมืองอำนาจเจริญ,3701
60cb2cf4-0637-489c-95a1-42f0f751097c,d86a8066-e0dc-436e-af4a-17782e4c7c4f,Chanuman,ชานุมาน,3702
7fed79bb-3bb2-495a-aeeb-e4ae05f88ee7,d86a8066-e0dc-436e-af4a-17782e4c7c4f,Pathum Ratchawongsa,ปทุมราชวงศา,3703
5c4763db-1e09-4791-ae90-eaaf3055938c,d86a8066-e0dc-436e-af4a-17782e4c7c4f,Phana,พนา,3704
54299166-b501-4eea-9c24-c667e0943591,d86a8066-e0dc-436e-af4a-17782e4c7c4f,Senangkhanikhom,เสนางคนิคม,3705
8b3e1505-6346-4e9a-b615-8ac41fa2a178,d86a8066-e0dc-436e-af4a-17782e4c7c4f,Hua Taphan,หัวตะพาน,3706
c7fa9d94-03f2-40a4-97c5-f53e148033f1,d86a8066-e0dc-436e-af4a-17782e4c7c4f,Lue Amnat,ลืออำนาจ,3707
6e527096-f9eb-4f5d-86f3-60248b94fe77,1a4d43db-9ec3-49e6-a355-23dff827626d,Mueang Bueng Kan,เมืองบึงกาฬ,3801
3f6e2084-b26c-4239-9eed-a01bad1f2ce3,1a4d43db-9ec3-49e6-a355-23dff827626d,Seka,เซกา,3802
d7b52493-b38d-4fa9-b8d3-f6effc23edc2,1a4d43db-9ec3-49e6-a355-23dff827626d,So Phisai,โซ่พิสัย,3803
5d4aea22-3b0a-401e-b8e3-1a3dc3150fb8,1a4d43db-9ec3-49e6-a355-23dff827626d,Phon Charoen,พรเจริญ,3804
b6126792-25ec-4d94-bfc6-95cfc2951544,1a4d43db-9ec3-49e6-a355-23dff827626d,Si Wilai,ศรีวิไล,3805
da5e275d-b2ca-4101-80c2-5d8ba0994f3f,1a4d43db-9ec3-49e6-a355-23dff827626d,Bueng Khong Long,บึงโขงหลง,3806
d4730b28-0726-4e27-b395-e3a52936e390,1a4d43db-9ec3-49e6-a355-23dff827626d,Pak Khat,ปากคาด,3807
d8113cb0-2c03-4470-8655-a784c1c23066,1a4d43db-9ec3-49e6-a355-23dff827626d,Bung Khla,บุ่งคล้า,3808
6de08ae5-c61c-44bc-8de6-4f834259c453,37844047-20c9-4d95-aebb-2509d68af889,Mueang Nong Bua Lam Phu,เมืองหนองบัวลำภู,3901
695625aa-cb60-487d-8664-24df0c17db42,37844047-20c9-4d95-aebb-2509d68af889,Na Klang,นากลาง,3902
4916fbab-2e91-44f4-9422-0ff32c8dcc7d,37844047-20c9-4d95-aebb-2509d68af889,Non Sang,โนนสัง,3903
d8681e78-54f0-4ec9-a831-5ab818e2c9f0,37844047-20c9-4d95-aebb-2509d68af889,Si Bun Rueang,ศรีบุญเรือง,3904
98c5d621-0731-4d8b-9e39-42419ca80e87,37844047-20c9-4d95-aebb-2509d68af889,Suwannakhuha,สุวรรณคูหา,3905
6b8adc17-c70c-4972-b53b-4178d3c0394b,37844047-20c9-4d95-aebb-2509d68af889,Na Wang,นาวัง,3906
202c499d-edc7-47f9-bac8-3d25ebcb8ceb,e5c9ec9f-a4bb-4554-a1fb-5d1521441cc1,Mueang Khon Kaen,เมืองขอนแก่น,4001
347b317d-6fea-4166-9e48-c1dd380a5c60,e5c9ec9f-a4bb-4554-a1fb-5d1521441cc1,Ban Fang,บ้านฝาง,4002
ad4b4254-779f-4e55-8203-59db903012b4,e5c9ec9f-a4bb-4554-a1fb-5d1521441cc1,Phra Yuen,พระยืน,4003
c0f8d2b8-feae-4d63-84ae-8dfa823a6d10,e5c9ec9f-a4bb-4554-a1fb-5d1521441cc1,Nong Ruea,หนองเรือ,4004
573ea905-55c9-43d8-ad43-18b1a47fcce3,e5c9ec9f-a4bb-4554-a1fb-5d1521441cc1,Chum Phae,ชุมแพ,4005
06639201-4301-4e31-a16d-1e8afc624d9f,e5c9ec9f-a4bb-4554-a1fb-5d1521441cc1,Si Chomphu,สีชมพู,4006
1849d530-e878-4d9c-8929-d6cd258ade0d,e5c9ec9f-a4bb-4554-a1fb-5d1521441cc1,Nam Phong,น้ำพอง,4007
76287bac-2f29-4211-81f3-d3e88a9e661b,e5c9ec9f-a4bb-4554-a1fb-5d1521441cc1,Ubolratana,อุบลรัตน์,4008
e2678f74-1f78-4387-80dd-f41c7edd8b84,e5c9ec9f-a4bb-4554-a1fb-5d1521441cc1,Kranuan,กระนวน,4009
2d223463-ba66-476e-b951-348cbf2d8e54,e5c9ec9f-a4bb-4554-a1fb-5d1521441cc1,Ban Phai,บ้านไผ่,4010
7bb52d3e-04c7-4e58-bb03-143adebb083e,e5c9ec9f-a4bb-4554-a1fb-5d1521441cc1,Pueai Noi,เปือยน้อย,4011
c4766621-fa35-44c6-9302-5df59cdb2626,e5c9ec9f-a4bb-4554-a1fb-5d1521441cc1,Phon,พล,4012
1aa0c7e9-5177-40d6-82b0-832665d982c1,e5c9ec9f-a4bb-4554-a1fb-5d1521441cc1,Waeng Yai,แวงใหญ่,4013
7ac780b4-e65e-4aba-8bd1-a5e2aa7a73d4,e5c9ec9f-a4bb-4554-a1fb-5d1521441cc1,Waeng Noi,แวงน้อย,4014
5ad3f7a7-16f8-494c-954a-6376bcf14fad,e5c9ec9f-a4bb-4554-a1fb-5d1521441cc1,Nong Song Hong,หนองสองห้อง,4015
003d2a04-41a3-47d4-8039-5714934c091c,e5c9ec9f-a4bb-4554-a1fb-5d1521441cc1,Phu Wiang,ภูเวียง,4016
ba184c15-a759-4228-9cc5-44b6f9d95e7c,e5c9ec9f-a4bb-4554-a1fb-5d1521441cc1,Mancha Khiri,มัญจาคีรี,4017
1258c840-3784-462d-8b92-9fb4b847faf8,e5c9ec9f-a4bb-4554-a1fb-5d1521441cc1,Chonnabot,ชนบท,4018
396bb57a-4c1d-4c6a-a96f-b0801a7d21e7,e5c9ec9f-a4bb-4554-a1fb-5d1521441cc1,Khao Suan Kwang,เขาสวนกวาง,4019
3339cf38-848b-4ef9-b07f-08dbc4f35a7b,e5c9ec9f-a4bb-4554-a1fb-5d1521441cc1,Phu Pha Man,ภูผาม่าน,4020
5d6a8b90-7456-4a4a-9bba-f141483757fa,e5c9ec9f-a4bb-4554-a1fb-5d1521441cc1,Sam Sung,ซำสูง,4021
586f2996-1b04-4fa3-9190-ea329f4239b7,e5c9ec9f-a4bb-4554-a1fb-5d1521441cc1,Khok Pho Chai,โคกโพธิ์ไชย,4022
10daf0e7-d47d-4ed9-93c3-8f687a4ef8e9,e5c9ec9f-a4bb-4554-a1fb-5d1521441cc1,Nong Na Kham,หนองนาคำ,4023
ce43ae96-cb0f-47ab-94ee-453a3f377f45,e5c9ec9f-a4bb-4554-a1fb-5d1521441cc1,Ban Haet,บ้านแฮด,4024
217a36cf-c070-4f52-b929-3aef79158666,e5c9ec9f-a4bb-4554-a1fb-5d1521441cc1,Non Sila,โนนศิลา,4025
90319039-d160-46fe-8556-d90e9e567428,e5c9ec9f-a4bb-4554-a1fb-5d1521441cc1,Wiang Kao,เวียงเก่า,4029
cce906e5-fed7-44c7-8957-8596aad7107d,2518a26b-249d-4379-a3bb-d73035eaa3d7,Mueang Udon Thani,เมืองอุดรธานี,4101
e3fbd774-8f9f-48a4-980d-32779d573eea,2518a26b-249d-4379-a3bb-d73035eaa3d7,Kut Chap,กุดจับ,4102
4110cdae-bdf8-404e-91b7-dcf2f0d11980,2518a26b-249d-4379-a3bb-d73035eaa3d7,Nong Wua So,หนองวัวซอ,4103
6a355eae-5d91-4ae5-b6cf-14a734f7195e,2518a26b-249d-4379-a3bb-d73035eaa3d7,Kumphawapi,กุมภวาปี,4104
15cb8a47-626c-4d2c-974f-550da5a06722,2518a26b-249d-4379-a3bb-d73035eaa3d7,Non Sa-at,โนนสะอาด,4105
60788eb1-1641-4b4f-9d67-01a5fe597f62,2518a26b-249d-4379-a3bb-d73035eaa3d7,Nong Han,หนองหาน,4106
838da85f-b252-425b-ade5-f08091fc73fd,2518a26b-249d-4379-a3bb-d73035eaa3d7,Thung Fon,ทุ่งฝน,4107
9d3d639b-871e-4908-84a2-a113f600b072,2518a26b-249d-4379-a3bb-d73035eaa3d7,Chai Wan,ไชยวาน,4108
74656699-6f21-4ae0-b6ac-04c2faf18b25,2518a26b-249d-4379-a3bb-d73035eaa3d7,Si That,ศรีธาตุ,4109
78c29621-4ac0-43c4-a360-af9d6e158f79,2518a26b-249d-4379-a3bb-d73035eaa3d7,Wang Sam Mo,วังสามหมอ,4110
449baa56-ab3d-4c43-bb3a-f96005c132ba,2518a26b-249d-4379-a3bb-d73035eaa3d7,Ban Dung,บ้านดุง,4111
1ae292a1-a2e4-41b9-84ee-d13bafbdd428,2518a26b-249d-4379-a3bb-d73035eaa3d7,Ban Phue,บ้านผือ,4117
4931f83f-86d2-492d-98e4-b5ba6015943d,2518a26b-249d-4379-a3bb-d73035eaa3d7,Nam Som,น้ำโสม,4118
5444bf45-e9fc-49c5-ac14-affed3c498de,2518a26b-249d-4379-a3bb-d73035eaa3d7,Phen,เพ็ญ,4119
a7090266-26f9-4783-a259-44e2b2346274,2518a26b-249d-4379-a3bb-d73035eaa3d7,Sang Khom,สร้างคอม,4120
fc236974-91ee-4a47-aadd-368430305b85,2518a26b-249d-4379-a3bb-d73035eaa3d7,Nong Saeng,หนองแสง,4121
5c915cd5-efe7-4a90-94df-0a25f79bf824,2518a26b-249d-4379-a3bb-d73035eaa3d7,Na Yung,นายูง,4122
e88ccf08-ca89-43ee-964a-aa9199bd9946,2518a26b-249d-4379-a3bb-d73035eaa3d7,Phibun Rak,พิบูลย์รักษ์,4123
e7d054fd-5e88-4ef1-916c-bd89eb714754,2518a26b-249d-4379-a3bb-d73035eaa3d7,Ku Kaeo,กู่แก้ว,4124
01fcaefd-56ca-442d-94bf-7dcba4504363,2518a26b-249d-4379-a3bb-d73035eaa3d7,rachak-sinlapakhom,ประจักษ์ศิลปาคม,4125
c758bb56-63fb-4522-b437-1ce70472f3ba,18db8033-e8ea-48ae-b33b-d30720b037e1,Mueang Loei,เมืองเลย,4201
116ce5e2-8fae-474b-aa24-3b44bd2fd98e,18db8033-e8ea-48ae-b33b-d30720b037e1,Na Duang,นาด้วง,4202
6ee438bc-43c5-418c-b427-215c1af1acc9,18db8033-e8ea-48ae-b33b-d30720b037e1,Chiang Khan,เชียงคาน,4203
3e63f965-9885-492f-b492-30123155b902,18db8033-e8ea-48ae-b33b-d30720b037e1,Pak Chom,ปากชม,4204
51e8fb99-904a-4e3f-a25b-ef1c7f0a6b20,18db8033-e8ea-48ae-b33b-d30720b037e1,Dan Sai,ด่านซ้าย,4205
f54fcfb8-26ed-4156-bead-20c78adcb60f,18db8033-e8ea-48ae-b33b-d30720b037e1,Na Haeo,นาแห้ว,4206
626847dc-2564-4c25-b74e-486851af8333,18db8033-e8ea-48ae-b33b-d30720b037e1,Phu Ruea,ภูเรือ,4207
68fd1dd9-8d9c-45dc-a2c7-e244b0da95a2,18db8033-e8ea-48ae-b33b-d30720b037e1,Tha Li,ท่าลี่,4208
bdc5ae2d-3349-4629-89cd-fe8074f32e98,18db8033-e8ea-48ae-b33b-d30720b037e1,Wang Saphung,วังสะพุง,4209
c2128d1a-bb79-4116-a246-af002308c887,18db8033-e8ea-48ae-b33b-d30720b037e1,Phu Kradueng,ภูกระดึง,4210
68502b67-6a9b-42c6-942b-097fc397f018,18db8033-e8ea-48ae-b33b-d30720b037e1,Phu Luang,ภูหลวง,4211
46bcf87b-43a1-45e2-a7cb-388574dd2ad7,18db8033-e8ea-48ae-b33b-d30720b037e1,Pha Khao,ผาขาว,4212
5b2c809f-4e0f-4c27-8191-6e93bc0c1c6c,18db8033-e8ea-48ae-b33b-d30720b037e1,Erawan,เอราวัณ,4213
12d9bfb6-564d-4aa9-b061-c771e6dac4b5,18db8033-e8ea-48ae-b33b-d30720b037e1,Nong Hin,หนองหิน,4214
366a1c65-ee7c-4a3d-824d-d074d19b96ea,127918a3-b96e-4a6f-9ff6-57c82efb8896,Mueang Nong Khai,เมืองหนองคาย,4301
09a2680b-e46b-49b8-a04d-cd1ace8ded8c,127918a3-b96e-4a6f-9ff6-57c82efb8896,Tha Bo,ท่าบ่อ,4302
b8f81b38-a0b4-463f-9486-7db65f19f2f5,127918a3-b96e-4a6f-9ff6-57c82efb8896,Phon Phisai,โพนพิสัย,4305
c80503c4-6867-44bf-aac8-f28607914df6,127918a3-b96e-4a6f-9ff6-57c82efb8896,Si Chiang Mai,ศรีเชียงใหม่,4307
510b692d-1c96-4ad9-9a01-a8d9f37387cd,127918a3-b96e-4a6f-9ff6-57c82efb8896,Sangkhom,สังคม,4308
76709be0-bc03-4a04-895e-4bd1905b5103,127918a3-b96e-4a6f-9ff6-57c82efb8896,Sakhrai,สระใคร,4314
3ad722c7-781d-4112-b211-250a778c5eba,127918a3-b96e-4a6f-9ff6-57c82efb8896,Fao Rai,เฝ้าไร่,4315
3c294142-444b-4311-8b91-9f85c0dc7ad6,127918a3-b96e-4a6f-9ff6-57c82efb8896,Rattanawapi,รัตนวาปี,4316
69bcbd1e-4840-4e3e-8d62-9754147b9f54,127918a3-b96e-4a6f-9ff6-57c82efb8896,Pho Tak,โพธิ์ตาก,4317
8fe9c1ff-731a-4aec-b09e-67f182a01f69,234f718d-7a78-498f-a415-37f92ba53443,Mueang Maha Sarakham,เมืองมหาสารคาม,4401
580001b6-fd4c-41b0-a416-8eddb94c4e89,234f718d-7a78-498f-a415-37f92ba53443,Kae Dam,แกดำ,4402
63a94cd6-b804-4efd-b152-4fbd40fd4b5d,234f718d-7a78-498f-a415-37f92ba53443,Kosum Phisai,โกสุมพิสัย,4403
68015ec1-f18b-4ae2-bf5c-76ba23101383,234f718d-7a78-498f-a415-37f92ba53443,Kantharawichai,กันทรวิชัย,4404
d37df565-98a6-40e0-bd76-b0b71b3945b9,234f718d-7a78-498f-a415-37f92ba53443,Kantharawichai,เชียงยืน,4405
761f2ad1-dc02-4c8c-be37-120a8ff23fe9,234f718d-7a78-498f-a415-37f92ba53443,Borabue,บรบือ,4406
00198359-9940-4c5e-b7a7-b0b154d94ddd,234f718d-7a78-498f-a415-37f92ba53443,Na Chueak,นาเชือก,4407
d8e4f6c7-60f5-4ebc-9c96-9fb6fbd7f508,234f718d-7a78-498f-a415-37f92ba53443,Phayakkhaphum Phisai,พยัคฆภูมิพิสัย,4408
cd78fca2-8c00-40f3-93e2-542b118572f5,234f718d-7a78-498f-a415-37f92ba53443,Wapi Pathum,วาปีปทุม,4409
dda029a9-f259-4572-b688-9b069862bbe3,234f718d-7a78-498f-a415-37f92ba53443,Na Dun,นาดูน,4410
8525c479-81dd-4b11-b672-a45bb721754c,234f718d-7a78-498f-a415-37f92ba53443,Yang Sisurat,ยางสีสุราช,4411
4f390b47-bf72-45d1-83b7-d0a09408f651,234f718d-7a78-498f-a415-37f92ba53443,Kut Rang,กุดรัง,4412
788a7d1c-1076-49a4-bdd4-39a73e065219,234f718d-7a78-498f-a415-37f92ba53443,Chuen Chom,ชื่นชม,4413
6ea002cf-7dfa-43c8-b00c-3c54b8c0500a,5139095d-a8f2-4042-951f-0d8eda536ddb,Mueang Roi Et,เมืองร้อยเอ็ด,4501
53e0837f-6f33-45ad-9d87-bae45d79736e,5139095d-a8f2-4042-951f-0d8eda536ddb,Kaset Wisai,เกษตรวิสัย,4502
67e09572-51b5-4cb8-b90d-45a19147a998,5139095d-a8f2-4042-951f-0d8eda536ddb,Pathum Rat,ปทุมรัตต์,4503
556d9349-9944-4c14-9834-56824fc73e99,5139095d-a8f2-4042-951f-0d8eda536ddb,Chaturaphak Phiman,จตุรพักตรพิมาน,4504
fc00a27e-f792-467b-b5f6-32e90718fe57,5139095d-a8f2-4042-951f-0d8eda536ddb,Thawat Buri,ธวัชบุรี,4505
16e39e6d-f866-42ea-91df-d1b379826f80,5139095d-a8f2-4042-951f-0d8eda536ddb,Phanom Phrai,พนมไพร,4506
3462fdca-5bd7-43d2-8917-814e4d105d94,5139095d-a8f2-4042-951f-0d8eda536ddb,Phon Thong,โพนทอง,4507
4109dd37-8040-4870-83e9-873e0edd2c39,5139095d-a8f2-4042-951f-0d8eda536ddb,Pho Chai,โพธิ์ชัย,4508
6ea03281-9f0f-4e6f-b08b-a9c8470e2fa7,5139095d-a8f2-4042-951f-0d8eda536ddb,Nong Phok,หนองพอก,4509
8944da05-b973-427f-ae58-3dca4a9230c3,5139095d-a8f2-4042-951f-0d8eda536ddb,Selaphum,เสลภูมิ,4510
632b7503-46a0-40e0-a412-c8c1a14b4b4f,5139095d-a8f2-4042-951f-0d8eda536ddb,Suwannaphum,สุวรรณภูมิ,4511
2487ffe7-e12b-43d2-bb9c-9dafcb45201a,5139095d-a8f2-4042-951f-0d8eda536ddb,Mueang Suang,เมืองสรวง,4512
193b1a14-f646-4425-84dc-cd9beaf5f5e7,5139095d-a8f2-4042-951f-0d8eda536ddb,Phon Sai,โพนทราย,4513
ffa3a02a-2696-4a75-9f37-becf8713b2da,5139095d-a8f2-4042-951f-0d8eda536ddb,At Samat,อาจสามารถ,4514
1a2b58e0-8480-4126-a0c3-a733da286fd2,5139095d-a8f2-4042-951f-0d8eda536ddb,Moei Wadi,เมยวดี,4515
089b4e7d-369a-4cbe-b49e-0e5efe6074b8,5139095d-a8f2-4042-951f-0d8eda536ddb,Si Somdet,ศรีสมเด็จ,4516
c80e41c5-ae18-46d3-91df-b82a8ad03773,5139095d-a8f2-4042-951f-0d8eda536ddb,Changhan,จังหาร,4517
2301f8cc-65b3-4efc-9325-c73b423b3eaf,5139095d-a8f2-4042-951f-0d8eda536ddb,Chiang Khwan,เชียงขวัญ,4518
633d1566-d1ab-4f49-a295-6de2e17da350,5139095d-a8f2-4042-951f-0d8eda536ddb,Nong Hi,หนองฮี,4519
dd2568ea-782b-4d88-b9e3-1f1ff8c92d66,5139095d-a8f2-4042-951f-0d8eda536ddb,Thung Khao Luangกิ่,ทุ่งเขาหลวง,4520
5c512944-fa09-460d-8103-1e95dbc2898d,22ef8731-a3da-4d49-8068-21ea181faeac,Mueang Kalasin,เมืองกาฬสินธุ์,4601
9b36455b-c1bd-4f69-99c6-6516b908652e,22ef8731-a3da-4d49-8068-21ea181faeac,Na Mon,นามน,4602
fe5e9207-8066-485c-b8bb-12bfee979ab4,22ef8731-a3da-4d49-8068-21ea181faeac,Kamalasai,กมลาไสย,4603
7b9d88f9-329c-4e0a-bcbb-b7c1eea53b36,22ef8731-a3da-4d49-8068-21ea181faeac,Rong Kham,ร่องคำ,4604
1a3212e4-2168-4b6e-a905-3fd2f3e9eccb,22ef8731-a3da-4d49-8068-21ea181faeac,Kuchinarai,กุฉินารายณ์,4605
6f68672c-bc03-4ebb-b9d9-2ea67f43ce4e,22ef8731-a3da-4d49-8068-21ea181faeac,Khao Wong,เขาวง,4606
d31f6632-2094-4ecd-a38a-c61591fc15de,22ef8731-a3da-4d49-8068-21ea181faeac,Yang Talat,ยางตลาด,4607
302dae53-3258-4f8d-85fe-e910f324524b,22ef8731-a3da-4d49-8068-21ea181faeac,Huai Mek,ห้วยเม็ก,4608
4d940c78-b117-4375-9fe8-d6f2a88dd612,22ef8731-a3da-4d49-8068-21ea181faeac,Sahatsakhan,สหัสขันธ์,4609
17711e69-ed8d-4625-9978-7aa8c06ccced,22ef8731-a3da-4d49-8068-21ea181faeac,Kham Muang,คำม่วง,4610
e77dfdb5-65c8-434b-b045-17fa4e5251df,22ef8731-a3da-4d49-8068-21ea181faeac,Tha Khantho,ท่าคันโท,4611
0682d391-767b-45db-8ca7-eebe0a28233d,22ef8731-a3da-4d49-8068-21ea181faeac,Nong Kung Si,หนองกุงศรี,4612
bb2d20c8-d17f-4538-bf7c-194812c9d9da,22ef8731-a3da-4d49-8068-21ea181faeac,Somdet,สมเด็จ,4613
eb6a0515-62e5-47c9-a5bc-a95cb7689a69,22ef8731-a3da-4d49-8068-21ea181faeac,Huai Phueng,ห้วยผึ้ง,4614
e0bb6627-0621-49e9-b0af-e4e8e6c3e4a0,22ef8731-a3da-4d49-8068-21ea181faeac,Sam Chai,สามชัย,4615
bfb2d7d5-2ccb-475a-b1e2-abfad9872ccb,22ef8731-a3da-4d49-8068-21ea181faeac,Na Khu,นาคู,4616
05d233ee-bf01-4708-8711-804ae1e1e689,22ef8731-a3da-4d49-8068-21ea181faeac,Don Chan,ดอนจาน,4617
6350e8e2-9bd0-4a81-a5e9-1e800734fd87,22ef8731-a3da-4d49-8068-21ea181faeac,Khong Chai,ฆ้องชัย,4618
7c9eb952-fbed-477a-8d3f-743d9314f21e,16e522dd-000a-4660-853f-a4ece6c2c833,Mueang Sakon Nakhon,เมืองสกลนคร,4701
920eab7a-5a43-48cc-934b-a79a764e3eef,16e522dd-000a-4660-853f-a4ece6c2c833,Kusuman,กุสุมาลย์,4702
e1354ba0-cd57-4fe3-892a-6ab9c084d48d,16e522dd-000a-4660-853f-a4ece6c2c833,Kut Bak,กุดบาก,4703
065fe960-021a-4725-915e-bc474e6f777d,16e522dd-000a-4660-853f-a4ece6c2c833,Phanna Nikhom,พรรณานิคม,4704
49937e2a-46fe-4aec-a984-b32c3775915c,16e522dd-000a-4660-853f-a4ece6c2c833,Phang Khon,พังโคน,4705
c6df4f5b-907d-4c46-9557-4f4059fdfe3a,16e522dd-000a-4660-853f-a4ece6c2c833,Waritchaphum,วาริชภูมิ,4706
aabdf0eb-b82d-4598-8687-daace1e28861,16e522dd-000a-4660-853f-a4ece6c2c833,Nikhom Nam Un,นิคมน้ำอูน,4707
341b5f84-5b02-4191-84f5-01cf04e2fc3d,16e522dd-000a-4660-853f-a4ece6c2c833,Wanon Niwat,วานรนิวาส,4708
1ca27e50-1833-4c1b-b95d-924580671956,16e522dd-000a-4660-853f-a4ece6c2c833,Kham Ta Kla,คำตากล้า,4709
cf8671aa-7f61-456e-87e4-cded4e1b08cf,16e522dd-000a-4660-853f-a4ece6c2c833,Ban Muang,บ้านม่วง,4710
21d890d7-d0bd-4cac-aed2-7208a0bb3292,16e522dd-000a-4660-853f-a4ece6c2c833,Akat Amnuai,อากาศอำนวย,4711
9e11b373-b7a3-4364-b1e3-1bc71190e02a,16e522dd-000a-4660-853f-a4ece6c2c833,Sawang Daen Din,สว่างแดนดิน,4712
ab783dfb-07d8-40fd-b7cb-7ce97ff89ea5,16e522dd-000a-4660-853f-a4ece6c2c833,Song Dao,ส่องดาว,4713
4c1c03aa-adb0-4809-b9e3-e2e21eacb623,16e522dd-000a-4660-853f-a4ece6c2c833,Tao Ngoi,เต่างอย,4714
10346151-ed46-47f0-b3ac-a5cf5cbcfb65,16e522dd-000a-4660-853f-a4ece6c2c833,Khok Si Suphan,โคกศรีสุพรรณ,4715
1d75034a-1e0d-4994-ac42-0953acdd785a,16e522dd-000a-4660-853f-a4ece6c2c833,Charoen Sin,เจริญศิลป์,4716
d82b5482-b6ff-4420-9821-72180dea3841,16e522dd-000a-4660-853f-a4ece6c2c833,Phon Na Kaeo,โพนนาแก้ว,4717
1c92a2e6-795c-435c-bec4-adb27c0f3b84,16e522dd-000a-4660-853f-a4ece6c2c833,Phu Phan,ภูพาน,4718
5b152c05-4b5b-43c0-af3a-805abfae1a92,5ced08ff-f46a-4603-9c11-638179926649,Mueang Nakhon Phanom,เมืองนครพนม,4801
922237ab-e3a4-43e9-833d-c9550c3ed0c8,5ced08ff-f46a-4603-9c11-638179926649,Pla Pak,ปลาปาก,4802
d9615263-f46a-4482-98d6-443b10b60233,5ced08ff-f46a-4603-9c11-638179926649,Tha Uthen,ท่าอุเทน,4803
21251473-2051-49c4-bd97-9908c7f732c3,5ced08ff-f46a-4603-9c11-638179926649,Ban Phaeng,บ้านแพง,4804
34d086c7-db0c-4378-95e3-69d78f3e4346,5ced08ff-f46a-4603-9c11-638179926649,That Phanom,ธาตุพนม,4805
eab53dc2-7f31-4ea2-ac86-eac5d33b4bd8,5ced08ff-f46a-4603-9c11-638179926649,Renu Nakhon,เรณูนคร,4806
fea58d80-e8f1-4ac3-be8e-f4bc46d794db,5ced08ff-f46a-4603-9c11-638179926649,Na Kae,นาแก,4807
13bf5c29-8e5a-426d-8ca5-2f6e67cde15c,5ced08ff-f46a-4603-9c11-638179926649,Si Songkhram,ศรีสงคราม,4808
4aa6cd69-8a33-4d0d-80e3-290941c2c0d6,5ced08ff-f46a-4603-9c11-638179926649,Na Wa,นาหว้า,4809
06225dcc-d3ec-4feb-9bb7-2537e8ea312a,5ced08ff-f46a-4603-9c11-638179926649,Phon Sawan,โพนสวรรค์,4810
b32a8fc2-4d19-4900-9484-11b4232f98b6,5ced08ff-f46a-4603-9c11-638179926649,Na Thom,นาทม,4811
68648fb5-9a72-4f2f-b248-b0d2db354dcb,5ced08ff-f46a-4603-9c11-638179926649,Wang Yang,วังยาง,4812
ed3facfe-c3bd-4e84-a167-d80fa8cee74a,d5ff5a08-9757-48bc-8a0a-345cfb9b73c2,Mueang Mukdahan,เมืองมุกดาหาร,4901
9fbb0121-063c-447f-aaea-1835dfd1e188,d5ff5a08-9757-48bc-8a0a-345cfb9b73c2,Nikhom Kham Soi,นิคมคำสร้อย,4902
76358046-f9a6-4c16-ae03-556e8a20dba9,d5ff5a08-9757-48bc-8a0a-345cfb9b73c2,Don Tan,ดอนตาล,4903
670a1d22-dff5-45bb-aa09-e7d246574c75,d5ff5a08-9757-48bc-8a0a-345cfb9b73c2,Dong Luang,ดงหลวง,4904
13a376cc-81b5-43e9-a06c-1e2ed4bff6d6,d5ff5a08-9757-48bc-8a0a-345cfb9b73c2,Khamcha-i,คำชะอี,4905
4182591d-48ec-442e-a3cc-4c014e578446,d5ff5a08-9757-48bc-8a0a-345cfb9b73c2,Wan Yai,หว้านใหญ่,4906
56023af7-9d25-4c9c-aea7-da2204167bac,d5ff5a08-9757-48bc-8a0a-345cfb9b73c2,Nong Sung,หนองสูง,4907
eab0b007-1115-45b7-b6ab-e3783a8cc684,8d3c80d5-b645-4c82-90a3-d97317230b86,Mueang Chiang Mai,เมืองเชียงใหม่,5001
b5617854-b44d-4bf2-9bab-e348b85e789a,8d3c80d5-b645-4c82-90a3-d97317230b86,Chom Thong,จอมทอง,5002
27f09930-8a08-4a3e-b34b-953b48399d07,8d3c80d5-b645-4c82-90a3-d97317230b86,Mae Chaem,แม่แจ่ม,5003
afb5229a-6193-49f7-b676-8cf81f99bdd2,8d3c80d5-b645-4c82-90a3-d97317230b86,Chiang Dao,เชียงดาว,5004
e71006f1-062e-4824-a709-981efa3196ea,8d3c80d5-b645-4c82-90a3-d97317230b86,Doi Saket,ดอยสะเก็ด,5005
b3bb8bf0-dfe5-41da-a267-b5dfaa8da483,8d3c80d5-b645-4c82-90a3-d97317230b86,Mae Taeng,แม่แตง,5006
d08282c8-2f20-4f02-b00a-3598a405448e,8d3c80d5-b645-4c82-90a3-d97317230b86,Mae Rim,แม่ริม,5007
4550a70a-bdc6-49bc-abe4-4160d4d7bf3b,8d3c80d5-b645-4c82-90a3-d97317230b86,Samoeng,สะเมิง,5008
4771d0df-1b85-4e76-8319-06cef9b17df1,8d3c80d5-b645-4c82-90a3-d97317230b86,Fang,ฝาง,5009
19de160d-81ce-4439-b977-2a65279cd8f6,8d3c80d5-b645-4c82-90a3-d97317230b86,Mae Ai,แม่อาย,5010
d12464c1-d232-4cfb-8364-03e940467dcc,8d3c80d5-b645-4c82-90a3-d97317230b86,Phrao,พร้าว,5011
3a9e92c2-53ed-4739-83d6-522af1f782d0,8d3c80d5-b645-4c82-90a3-d97317230b86,San Pa Tong,สันป่าตอง,5012
472d9bd6-e3f2-4132-9356-090ec2e75332,8d3c80d5-b645-4c82-90a3-d97317230b86,San Kamphaeng,สันกำแพง,5013
d3bac4f4-d400-4760-b1e2-80bf21495750,8d3c80d5-b645-4c82-90a3-d97317230b86,San Sai,สันทราย,5014
f11f4304-dd74-4878-b057-c02c1c4cfa08,8d3c80d5-b645-4c82-90a3-d97317230b86,Hang Dong,หางดง,5015
ebcc1395-def8-43e8-b6dd-e0465b33ef70,8d3c80d5-b645-4c82-90a3-d97317230b86,Hot,ฮอด,5016
7bc8a390-1248-43fd-b1c3-b2da054025af,8d3c80d5-b645-4c82-90a3-d97317230b86,Doi Tao,ดอยเต่า,5017
f5608a10-2ba8-4e2a-8ef0-a98fe0f57b1a,8d3c80d5-b645-4c82-90a3-d97317230b86,Omkoi,อมก๋อย,5018
8a0dc881-3a7a-4293-af7e-9e8544bac6d6,8d3c80d5-b645-4c82-90a3-d97317230b86,Saraphi,สารภี,5019
960c601f-38ef-4b9e-915d-db185e1a6363,8d3c80d5-b645-4c82-90a3-d97317230b86,Wiang Haeng,เวียงแหง,5020
d05df021-4c17-4fce-b314-756e6a3ac5c9,8d3c80d5-b645-4c82-90a3-d97317230b86,Chai Prakan,ไชยปราการ,5021
8369ae94-f8d4-42a8-ab94-23dcd2f47921,8d3c80d5-b645-4c82-90a3-d97317230b86,Mae Wang,แม่วาง,5022
38c792ca-b7a4-4bb1-a47c-ca7ea336cbca,8d3c80d5-b645-4c82-90a3-d97317230b86,Mae On,แม่ออน,5023
154795fe-5f6e-40b5-bf66-00b751dd121e,8d3c80d5-b645-4c82-90a3-d97317230b86,Doi Lo,ดอยหล่อ,5024
364b057d-0202-43aa-9e53-4e806819c391,17424b41-3021-43da-823c-642b75fc4f7a,Mueang Lamphun,เมืองลำพูน,5101
7fe329c7-350b-4cad-94cd-fbd4d6e5143d,17424b41-3021-43da-823c-642b75fc4f7a,Mae Tha,แม่ทา,5102
21ca128f-ee44-40b4-87f9-b968bb1e087c,17424b41-3021-43da-823c-642b75fc4f7a,Ban Hong,บ้านโฮ่ง,5103
0f4a48b5-d301-473e-9efe-598bc2dba1bf,17424b41-3021-43da-823c-642b75fc4f7a,Li,ลี้,5104
dc46ac36-13fd-47ea-82dc-48cc4752f8bd,17424b41-3021-43da-823c-642b75fc4f7a,Thung Hua Chang,ทุ่งหัวช้าง,5105
aea5c279-4ba5-4ce0-a0ed-e77e60b60e76,17424b41-3021-43da-823c-642b75fc4f7a,Pa Sang,ป่าซาง,5106
0df40d9d-540f-484d-bc2b-a8da26e2798a,17424b41-3021-43da-823c-642b75fc4f7a,Ban Thi,บ้านธิ,5107
dc6025df-8e78-4c29-9458-a81451c4e0f7,17424b41-3021-43da-823c-642b75fc4f7a,Wiang Nong Long,เวียงหนองล่อง,5108
777851f9-e3e6-4fdc-b056-72f5a7f5fe9a,56d4cbe7-3865-4a6e-9401-572c48f74069,Mueang Lampang,เมืองลำปาง,5201
0c4cbef5-8f60-4aa6-a3b3-e43a26155f6d,56d4cbe7-3865-4a6e-9401-572c48f74069,Mae Mo,แม่เมาะ,5202
9be65d94-724c-4655-ae0d-95a786a79571,56d4cbe7-3865-4a6e-9401-572c48f74069,Ko Kha,เกาะคา,5203
bf871229-4897-4333-bd16-3146daffc2ed,56d4cbe7-3865-4a6e-9401-572c48f74069,Soem Ngam,เสริมงาม,5204
02ceddbe-fc0e-4018-9862-03325da74294,56d4cbe7-3865-4a6e-9401-572c48f74069,Ngao,งาว,5205
97742c06-62f3-4b75-8f36-33b3c4b88f90,56d4cbe7-3865-4a6e-9401-572c48f74069,Chae Hom,แจ้ห่ม,5206
ce244be2-30f5-4046-bdb1-b2e7fd0d059e,56d4cbe7-3865-4a6e-9401-572c48f74069,Wang Nuea,วังเหนือ,5207
dc4366c2-b63d-4eea-be35-fdabdb825d5d,56d4cbe7-3865-4a6e-9401-572c48f74069,Thoen,เถิน,5208
f215a6bb-2dc9-46c1-a622-f0fdc6b41d32,56d4cbe7-3865-4a6e-9401-572c48f74069,Mae Phrik,แม่พริก,5209
bbcf7b2f-d04e-4ee2-a8ea-7233f7efd3f2,56d4cbe7-3865-4a6e-9401-572c48f74069,Mae Tha,แม่ทะ,5210
ef076a42-ce0c-4958-9712-6edd87c188ce,56d4cbe7-3865-4a6e-9401-572c48f74069,Sop Prap,สบปราบ,5211
89e66d2c-4cb0-4cf1-a42a-30ba2e4233ec,56d4cbe7-3865-4a6e-9401-572c48f74069,Hang Chat,ห้างฉัตร,5212
33a26785-3865-4097-bcb4-cf3d4532f54e,56d4cbe7-3865-4a6e-9401-572c48f74069,Mueang Pan,เมืองปาน,5213
5f078dc2-1004-4635-928d-1a5bb4c32f1f,40a1c488-dfc4-4f14-a576-f5592ccd2791,Mueang Uttaradit,เมืองอุตรดิตถ์,5301
13d954bb-24dc-4341-ae0f-8cb827e1de85,40a1c488-dfc4-4f14-a576-f5592ccd2791,Tron,ตรอน,5302
49efc0c9-5172-449a-9cbc-aaf5812da35b,40a1c488-dfc4-4f14-a576-f5592ccd2791,Tha Pla,ท่าปลา,5303
c5d3046e-79da-4203-b6a1-fb1695e5e548,40a1c488-dfc4-4f14-a576-f5592ccd2791,Nam Pat,น้ำปาด,5304
bdd2298e-5b2d-456a-9980-7c6833ed7375,40a1c488-dfc4-4f14-a576-f5592ccd2791,Fak Tha,ฟากท่า,5305
34be48ed-f8cf-494e-b503-d9e3637078ab,40a1c488-dfc4-4f14-a576-f5592ccd2791,Ban Khok,บ้านโคก,5306
31f0ef24-bf01-4ca9-8c37-f747ed28e742,40a1c488-dfc4-4f14-a576-f5592ccd2791,Phichai,พิชัย,5307
c735d26c-1e11-4d57-882b-fb2cce7ef5fc,40a1c488-dfc4-4f14-a576-f5592ccd2791,Laplae,ลับแล,5308
98036a79-a3e0-4256-a260-3d1101147d6b,40a1c488-dfc4-4f14-a576-f5592ccd2791,Thong Saen Khan,ทองแสนขัน,5309
45b5d80f-449a-4a63-a158-73a9a4def899,9814f7eb-e727-4c75-a555-a8942a3c62f4,Mueang Phrae,เมืองแพร่,5401
fe1ffa4c-f178-402a-b07d-bd9a73bebb08,9814f7eb-e727-4c75-a555-a8942a3c62f4,Rong Kwang,ร้องกวาง,5402
46988f61-9735-4939-8a54-80cc54a9f442,9814f7eb-e727-4c75-a555-a8942a3c62f4,Long,ลอง,5403
ecca5912-b63c-4f68-a6ea-fd573e144987,9814f7eb-e727-4c75-a555-a8942a3c62f4,Sung Men,สูงเม่น,5404
f35e44ab-d67d-459a-9cc0-79bd97888220,9814f7eb-e727-4c75-a555-a8942a3c62f4,Den Chai,เด่นชัย,5405
e5f1e84b-260c-4d61-9e23-0c637acdeb8c,9814f7eb-e727-4c75-a555-a8942a3c62f4,Song,สอง,5406
a4ae24b7-4cd1-46d1-b5d7-3d76e9a8cdf2,9814f7eb-e727-4c75-a555-a8942a3c62f4,Wang Chin,วังชิ้น,5407
ae1c8678-aff0-439c-80ae-64798330a4ed,9814f7eb-e727-4c75-a555-a8942a3c62f4,Nong Muang Khai,หนองม่วงไข่,5408
014be2ff-387e-4fac-ac0c-878c0958ee9e,0cf5bc2d-831d-4ac2-8f6c-a4208907b1c5,Mueang Nan,เมืองน่าน,5501
76850424-a6f1-4f12-b073-521f2cc519c6,0cf5bc2d-831d-4ac2-8f6c-a4208907b1c5,Mae Charim,แม่จริม,5502
21214dad-c06f-4902-840d-93928547d449,0cf5bc2d-831d-4ac2-8f6c-a4208907b1c5,Ban Luang,บ้านหลวง,5503
b5c45f66-e875-4ef7-bfb1-7330326eceab,0cf5bc2d-831d-4ac2-8f6c-a4208907b1c5,Na Noi,นาน้อย,5504
9dfcc864-a3ba-4182-bec5-490194d013e8,0cf5bc2d-831d-4ac2-8f6c-a4208907b1c5,Pua,ปัว,5505
c59fd23e-995c-41e1-8b99-ab2de3230fa7,0cf5bc2d-831d-4ac2-8f6c-a4208907b1c5,Tha Wang Pha,ท่าวังผา,5506
47e634c8-be81-4c03-a021-743b519b5d9d,0cf5bc2d-831d-4ac2-8f6c-a4208907b1c5,Wiang Sa,เวียงสา,5507
6003a363-d1ff-4315-a17c-be4c2ae74c18,0cf5bc2d-831d-4ac2-8f6c-a4208907b1c5,Thung Chang,ทุ่งช้าง,5508
b77878f8-9c0e-418a-9bbf-2157dad7ec90,0cf5bc2d-831d-4ac2-8f6c-a4208907b1c5,Chiang Klang,เชียงกลาง,5509
1bc4fca7-1cfd-4f9a-a1e8-1bf9e000b4f6,0cf5bc2d-831d-4ac2-8f6c-a4208907b1c5,Na Muen,นาหมื่น,5510
912a4f32-ddc6-42a9-a2e4-ee5cbc0a36c4,0cf5bc2d-831d-4ac2-8f6c-a4208907b1c5,Santi Suk,สันติสุข,5511
c215ad07-8a1b-4b80-a65a-6d34c1c471b1,0cf5bc2d-831d-4ac2-8f6c-a4208907b1c5,Bo Kluea,บ่อเกลือ,5512
d9b9e7c0-306c-4b08-99b4-1b67090e2e0b,0cf5bc2d-831d-4ac2-8f6c-a4208907b1c5,Song Khwae,สองแคว,5513
8c02de0a-d8e3-49d9-ae87-22a0742fd728,0cf5bc2d-831d-4ac2-8f6c-a4208907b1c5,Phu Phiang,ภูเพียง,5514
e9a875ee-0316-4b5a-9751-951efaaab777,0cf5bc2d-831d-4ac2-8f6c-a4208907b1c5,Chaloem Phra Kiat,เฉลิมพระเกียรติ,5515
b971b7bb-c500-4d1f-b177-533b02ea996e,c3b57963-c53d-46d1-8163-6d671f698781,Mueang Phayao,เมืองพะเยา,5601
7ef88720-c91a-4b35-b120-f0ba4a1a629e,c3b57963-c53d-46d1-8163-6d671f698781,Chun,จุน,5602
dccd9d96-9b35-4df3-8efa-7478cada9dc3,c3b57963-c53d-46d1-8163-6d671f698781,Chiang Kham,เชียงคำ,5603
1bf5e2f6-6316-48ba-ae90-cb537927b842,c3b57963-c53d-46d1-8163-6d671f698781,Chiang Muan,เชียงม่วน,5604
7228e10c-bbd0-4df0-af63-35e8621e273b,c3b57963-c53d-46d1-8163-6d671f698781,Dok Khamtai,ดอกคำใต้,5605
2ec7d486-52e9-480d-ba7b-b20ba81c1234,c3b57963-c53d-46d1-8163-6d671f698781,Pong,ปง,5606
77dfcd63-0c57-4db8-b412-afd9165ff9c2,c3b57963-c53d-46d1-8163-6d671f698781,Mae Chai,แม่ใจ,5607
e12575d5-1cc7-40ac-9cd3-5599a75b6258,c3b57963-c53d-46d1-8163-6d671f698781,Phu Sang,ภูซาง,5608
249123a7-dde4-451a-9d20-b03f736a21e1,c3b57963-c53d-46d1-8163-6d671f698781,Phu Kamyao,ภูกามยาว,5609
f05cf6f4-b4c3-477a-8cdb-fb8c1abd217f,4e006334-a09f-40b1-961d-d9be7deb64d6,Mueang Chiang Rai,เมืองเชียงราย,5701
e2575535-3677-422f-b4a1-82cba5962ce9,4e006334-a09f-40b1-961d-d9be7deb64d6,Wiang Chai,เวียงชัย,5702
74f1b9fd-ff9c-4887-982d-ccc10cadb707,4e006334-a09f-40b1-961d-d9be7deb64d6,Chiang Khong,เชียงของ,5703
ab9c380f-1c66-4e15-83f9-2d3249cedd9a,4e006334-a09f-40b1-961d-d9be7deb64d6,Thoeng,เทิง,5704
799e02b9-3b3a-4885-a149-d99fdc2d8f4b,4e006334-a09f-40b1-961d-d9be7deb64d6,Phan,พาน,5705
79a42218-fc23-4a0f-9302-65d0986f3ac7,4e006334-a09f-40b1-961d-d9be7deb64d6,Pa Daet,ป่าแดด,5706
cec62d0e-0b85-4a9d-b460-2d15805ee996,4e006334-a09f-40b1-961d-d9be7deb64d6,Mae Chan,แม่จัน,5707
98cd6082-94af-4f8f-878e-59c8b2a47b21,4e006334-a09f-40b1-961d-d9be7deb64d6,Chiang Saen,เชียงแสน,5708
19ab1745-b7d9-4efc-9ffd-4380f116c5d3,4e006334-a09f-40b1-961d-d9be7deb64d6,Mae Sai,แม่สาย,5709
0f8b709b-6a18-4196-8f87-dfeba25f78cb,4e006334-a09f-40b1-961d-d9be7deb64d6,Mae Suai,แม่สรวย,5710
277445bd-766f-4567-8285-849cdd9b8e0b,4e006334-a09f-40b1-961d-d9be7deb64d6,Wiang Pa Pao,เวียงป่าเป้า,5711
c3ebf973-8d4d-4ec7-b802-84ff291b498a,4e006334-a09f-40b1-961d-d9be7deb64d6,Phaya Mengrai,พญาเม็งราย,5712
54f717c3-5d3c-403f-b546-891f69075ac1,4e006334-a09f-40b1-961d-d9be7deb64d6,Wiang Kaen,เวียงแก่น,5713
71955bd3-b4f7-42fd-898c-bcebbd3dfd51,4e006334-a09f-40b1-961d-d9be7deb64d6,Khun Tan,ขุนตาล,5714
5b5f6c2e-df20-4619-8583-bf96f1d05eb4,4e006334-a09f-40b1-961d-d9be7deb64d6,Mae Fa Luang,แม่ฟ้าหลวง,5715
c9e06f99-3c7f-4627-bdae-c2a11b6dfcc9,4e006334-a09f-40b1-961d-d9be7deb64d6,Mae Lao,แม่ลาว,5716
9ef01f58-d058-42dc-8c50-b7a18f7b3614,4e006334-a09f-40b1-961d-d9be7deb64d6,Wiang Chiang Rung,เวียงเชียงรุ้ง,5717
d1a2b8ad-d9d4-4b7c-ab03-f2d25ede75eb,4e006334-a09f-40b1-961d-d9be7deb64d6,Doi Luang,ดอยหลวง,5718
3477bc03-a0db-4fc3-acb8-496aaeee36c9,dc541a7e-e7d6-415f-8f2c-db8fa98f068e,Mueang Mae Hong Son,เมืองแม่ฮ่องสอน,5801
fab26ce4-a142-45b1-bba7-a5abf4392a65,dc541a7e-e7d6-415f-8f2c-db8fa98f068e,Khun Yuam,ขุนยวม,5802
1002d045-e4ab-401b-a865-a2f98e8e19c5,dc541a7e-e7d6-415f-8f2c-db8fa98f068e,Pai,ปาย,5803
bc133cb8-1c53-4777-8f0f-ffd12c239fe2,dc541a7e-e7d6-415f-8f2c-db8fa98f068e,Mae Sariang,แม่สะเรียง,5804
31953843-e6eb-4182-9d8a-6732f3382037,dc541a7e-e7d6-415f-8f2c-db8fa98f068e,Mae La Noi,แม่ลาน้อย,5805
faac357c-d704-464a-958a-8008542fca3d,dc541a7e-e7d6-415f-8f2c-db8fa98f068e,Sop Moei,สบเมย,5806
71e2eaff-e46e-438e-8919-1884799c4c63,dc541a7e-e7d6-415f-8f2c-db8fa98f068e,Pang Mapha,ปางมะผ้า,5807
e17ef461-1f73-455a-9594-6ee641d6f199,feb3de78-2a6c-496a-8951-d9baeb5acf7d,Mueang Nakhon Sawan,เมืองนครสวรรค์,6001
e631e3a1-93ca-4e59-85f3-5a6d3189e0e0,feb3de78-2a6c-496a-8951-d9baeb5acf7d,Krok Phra,โกรกพระ,6002
7613e7cf-3bdc-42af-9677-be78fa091a9c,feb3de78-2a6c-496a-8951-d9baeb5acf7d,Chum Saeng,ชุมแสง,6003
7e6fc7d3-9298-4e34-8974-aad395080cbf,feb3de78-2a6c-496a-8951-d9baeb5acf7d,Nong Bua,หนองบัว,6004
d5dedd9b-4956-4edd-8d9e-71c18e41647f,feb3de78-2a6c-496a-8951-d9baeb5acf7d,Banphot Phisai,บรรพตพิสัย,6005
24e1ec26-d1ce-4dee-bc2d-14e581bd0f40,feb3de78-2a6c-496a-8951-d9baeb5acf7d,Kao Liao,เก้าเลี้ยว,6006
4587f829-c09c-4d5b-8d9a-d0d310d6857c,feb3de78-2a6c-496a-8951-d9baeb5acf7d,Takhli,ตาคลี,6007
206e8706-e876-4e50-aeed-bea9aa1d4d2c,feb3de78-2a6c-496a-8951-d9baeb5acf7d,Takhli,ท่าตะโก,6008
a59b5abf-83fd-4561-9463-a8837cd6de7e,feb3de78-2a6c-496a-8951-d9baeb5acf7d,Phaisali,ไพศาลี,6009
51665ea8-6523-4db8-8f12-5f4fae1b6b7e,feb3de78-2a6c-496a-8951-d9baeb5acf7d,Phayuha Khiri,พยุหะคีรี,6010
f7b759a5-fb85-4579-a77b-5f21b0cc667f,feb3de78-2a6c-496a-8951-d9baeb5acf7d,Phayuha Khiri,ลาดยาว,6011
59ea2f17-78cd-4dfd-980d-618e016d2dfd,feb3de78-2a6c-496a-8951-d9baeb5acf7d,Tak Fa,ตากฟ้า,6012
2f859724-d2e8-4471-b663-de47af6f4854,feb3de78-2a6c-496a-8951-d9baeb5acf7d,Mae Wong,แม่วงก์,6013
00ecdd91-6001-45c5-9ffd-f2d403674178,feb3de78-2a6c-496a-8951-d9baeb5acf7d,Mae Poen,แม่เปิน,6014
80ab7b46-ccc9-458d-8347-a189534a9a42,feb3de78-2a6c-496a-8951-d9baeb5acf7d,Chum Ta Bong,ชุมตาบง,6015
879cdc78-e5d8-4de8-b90f-e5fb774aa15e,ededf8da-a678-43e1-b26d-5df035966d75,Mueang Uthai Thani,เมืองอุทัยธานี,6101
5e01ca7c-3134-4682-881a-4e64a0920593,ededf8da-a678-43e1-b26d-5df035966d75,Thap Than,ทัพทัน,6102
5e8f2574-a219-4f5d-94dd-897e84b7703f,ededf8da-a678-43e1-b26d-5df035966d75,Sawang Arom,สว่างอารมณ์,6103
39d852ed-7a57-4603-915d-22c151bfc389,ededf8da-a678-43e1-b26d-5df035966d75,Nong Chang,หนองฉาง,6104
ebd019c3-3e5e-48a4-b72a-bec097ca1b78,ededf8da-a678-43e1-b26d-5df035966d75,Nong Khayang,หนองขาหย่าง,6105
1dcb24ab-e91e-4b95-9841-5c4313b1a399,ededf8da-a678-43e1-b26d-5df035966d75,Ban Rai,บ้านไร่,6106
5b270624-3ce1-47ba-87bb-f3ac4d85b359,ededf8da-a678-43e1-b26d-5df035966d75,Lan Sak,ลานสัก,6107
315f1d4b-194a-4d7a-98a5-c706b9d268c9,ededf8da-a678-43e1-b26d-5df035966d75,Huai Khot,ห้วยคต,6108
20915b95-8045-4d1c-9dfd-913cdaae5034,62e40d81-3e29-4704-b3d4-14f7f69fa3de,Mueang Kamphaeng Phet,เมืองกำแพงเพชร,6201
df94e922-3bb9-4cc8-aa2b-f5836c1e761c,62e40d81-3e29-4704-b3d4-14f7f69fa3de,Sai Ngam,ไทรงาม,6202
19b7d938-3b13-4ae2-bbfd-176414b18ad5,62e40d81-3e29-4704-b3d4-14f7f69fa3de,Khlong Lan,คลองลาน,6203
c483ae15-5d2d-41ea-bafa-0c0f49f57d5a,62e40d81-3e29-4704-b3d4-14f7f69fa3de,Khanu Woralaksaburi,ขาณุวรลักษบุรี,6204
626c5f0e-ede3-4e96-a135-1c6e9167d652,62e40d81-3e29-4704-b3d4-14f7f69fa3de,Khlong Khlung,คลองขลุง,6205
b5c7aded-d3b7-4287-9508-4b3df81fe450,62e40d81-3e29-4704-b3d4-14f7f69fa3de,Phran Kratai,พรานกระต่าย,6206
5d752e3a-6bba-41c6-b44c-4ef94fb89e6a,62e40d81-3e29-4704-b3d4-14f7f69fa3de,Lan Krabue,ลานกระบือ,6207
f4e1d6f6-741f-4dd5-8d0a-ceb9b38369b5,62e40d81-3e29-4704-b3d4-14f7f69fa3de,Sai Thong Watthana,ทรายทองวัฒนา,6208
57c3eec2-63f1-4064-bb07-0ab0b0f8542c,62e40d81-3e29-4704-b3d4-14f7f69fa3de,Pang Sila Thong,ปางศิลาทอง,6209
a6da3957-0bb7-4c49-a01e-7e9e757f117a,62e40d81-3e29-4704-b3d4-14f7f69fa3de,Bueng Samakkhi,บึงสามัคคี,6210
c8e133c8-1492-4477-ad74-3607bbfda778,62e40d81-3e29-4704-b3d4-14f7f69fa3de,Kosamphi Nakhon,โกสัมพีนคร,6211
b9803d5f-b891-4761-92bc-4d36582cb788,7257f080-0128-4670-8866-3933ea2b59f0,Mueang Tak,เมืองตาก,6301
ee34b350-bda8-4956-a5a0-1684e79cd20f,7257f080-0128-4670-8866-3933ea2b59f0,Ban Tak,บ้านตาก,6302
d75fd8c4-36ca-4fd1-9240-5aea6a4a67e1,7257f080-0128-4670-8866-3933ea2b59f0,Sam Ngao,สามเงา,6303
1246fe86-94d7-4316-bbbb-f7862affd745,7257f080-0128-4670-8866-3933ea2b59f0,Mae Ramat,แม่ระมาด,6304
1fa61b1f-678a-47a9-95b7-b97ce6f9503d,7257f080-0128-4670-8866-3933ea2b59f0,Tha Song Yang,ท่าสองยาง,6305
2d4c2439-a03a-4f9d-bd2e-d91f3eb4f78b,7257f080-0128-4670-8866-3933ea2b59f0,Mae Sot,แม่สอด,6306
ebd25238-69a6-420d-ac6d-861d6829ae05,7257f080-0128-4670-8866-3933ea2b59f0,Phop Phra,พบพระ,6307
ebb9aac8-9d0e-45cb-8557-7ac750440d53,7257f080-0128-4670-8866-3933ea2b59f0,Umphang,อุ้มผาง,6308
cd9764ae-6485-4a98-8972-d53ce1fe756d,7257f080-0128-4670-8866-3933ea2b59f0,Wang Chao,วังเจ้า,6309
59fbfcc5-8efd-4560-9ea7-de27f78dec6e,36a540e1-e5c0-4178-b5c1-b8dc45093f43,Mueang Sukhothai,เมืองสุโขทัย,6401
f68d93cf-910a-42b0-9d55-344840ed75ca,36a540e1-e5c0-4178-b5c1-b8dc45093f43,Ban Dan Lan Hoi,บ้านด่านลานหอย,6402
c8915df9-27b0-4f96-8735-990800dd3785,36a540e1-e5c0-4178-b5c1-b8dc45093f43,Khiri Mat,คีรีมาศ,6403
6cd830eb-11e0-4d1b-b64c-ffc7b7d86502,36a540e1-e5c0-4178-b5c1-b8dc45093f43,Kong Krailat,กงไกรลาศ,6404
5b2003ae-60e5-4043-ae8d-c13c8619d370,36a540e1-e5c0-4178-b5c1-b8dc45093f43,Si Satchanalai,ศรีสัชนาลัย,6405
8df247b1-40de-41f7-910e-e5fbbd400d66,36a540e1-e5c0-4178-b5c1-b8dc45093f43,Si Samrong,ศรีสำโรง,6406
c8eaf805-20a7-4d40-8e59-7af96c8837e7,36a540e1-e5c0-4178-b5c1-b8dc45093f43,Sawankhalok,สวรรคโลก,6407
d1a04934-2902-45c1-bce1-7daf2a01e124,36a540e1-e5c0-4178-b5c1-b8dc45093f43,Si Nakhon,ศรีนคร,6408
a6b544d2-a188-497e-b9a2-9539af7bcc7b,36a540e1-e5c0-4178-b5c1-b8dc45093f43,Thung Saliam,ทุ่งเสลี่ยม,6409
e24b79cb-68ee-4204-adda-bf0e59665aa4,b6f0e465-958c-4138-8323-c7eee319f95f,Mueang Phitsanulok,เมืองพิษณุโลก,6501
a7c23f85-0739-4104-bdff-36eef8f35bc5,b6f0e465-958c-4138-8323-c7eee319f95f,Nakhon Thai,นครไทย,6502
3952aa81-8aad-4b9e-897c-1d291d789d90,b6f0e465-958c-4138-8323-c7eee319f95f,Chat Trakan,ชาติตระการ,6503
c7a8b5da-407f-4b61-94bf-23d15f50ca09,b6f0e465-958c-4138-8323-c7eee319f95f,Bang Rakam,บางระกำ,6504
c5d7af32-191a-467a-b0b1-3ef6302cbcc2,b6f0e465-958c-4138-8323-c7eee319f95f,Bang Krathum,บางกระทุ่ม,6505
fecade30-1954-4d0b-acac-bf1e07272e4c,b6f0e465-958c-4138-8323-c7eee319f95f,Phrom Phiram,พรหมพิราม,6506
bc16fd7c-06fa-4135-b260-aff504799826,b6f0e465-958c-4138-8323-c7eee319f95f,Wat Bot,วัดโบสถ์,6507
4428940b-721b-479e-8628-d376c53043a5,b6f0e465-958c-4138-8323-c7eee319f95f,Wang Thong,วังทอง,6508
1a7dbbd0-4e15-4593-b91a-710a652089d5,b6f0e465-958c-4138-8323-c7eee319f95f,Noen Maprang,เนินมะปราง,6509
f3f822a0-0aac-464f-9e12-479634b0a494,24cb4d55-eb15-4424-a98b-d67c0f538b7c,Mueang Phichit,เมืองพิจิตร,6601
4c93add6-0f76-4638-9766-04362f44c9d8,24cb4d55-eb15-4424-a98b-d67c0f538b7c,Wang Sai Phun,วังทรายพูน,6602
689ad8ea-334a-4a9f-b393-e76a1d61c8f5,24cb4d55-eb15-4424-a98b-d67c0f538b7c,Pho Prathap Chang,โพธิ์ประทับช้าง,6603
3f98d37d-abeb-4dc9-8ef6-40d758ae799c,24cb4d55-eb15-4424-a98b-d67c0f538b7c,Taphan Hin,ตะพานหิน,6604
26ed3edc-8c66-4afc-8e31-4e4bf7a5eb7a,24cb4d55-eb15-4424-a98b-d67c0f538b7c,Bang Mun Nak,บางมูลนาก,6605
cc0f352f-2c4c-4e45-81d1-bdec60c23d20,24cb4d55-eb15-4424-a98b-d67c0f538b7c,Pho Thale,โพทะเล,6606
cd4fe7d1-1afd-4401-9803-e78d81858a60,24cb4d55-eb15-4424-a98b-d67c0f538b7c,Sam Ngam,สามง่าม,6607
9c3277cc-5685-4cd3-ba77-fe7232a821d8,24cb4d55-eb15-4424-a98b-d67c0f538b7c,Tap Khlo,ทับคล้อ,6608
692ceffe-0963-4d89-acd3-a73918d6192f,24cb4d55-eb15-4424-a98b-d67c0f538b7c,Sak Lek,สากเหล็ก,6609
2ee40631-952a-408c-864e-e9613a488d34,24cb4d55-eb15-4424-a98b-d67c0f538b7c,Bueng Na Rang,บึงนาราง,6610
777c6df3-3ade-4d3e-83a8-ec51b2c6e1c8,24cb4d55-eb15-4424-a98b-d67c0f538b7c,Dong Charoen,ดงเจริญ,6611
3286a421-5c5d-4da8-9b3f-f042d51a6a65,24cb4d55-eb15-4424-a98b-d67c0f538b7c,Wachirabarami,วชิรบารมี,6612
67eeacd8-9057-4f97-885d-1922d5699c35,92fdeccb-230f-487b-b7f5-81ed467b83a2,Mueang Phetchabun,เมืองเพชรบูรณ์,6701
14b59f76-d8f0-492c-9199-c188b1bcd158,92fdeccb-230f-487b-b7f5-81ed467b83a2,Chon Daen,ชนแดน,6702
52bd1d19-a878-44b1-ad08-10827a8a17f8,92fdeccb-230f-487b-b7f5-81ed467b83a2,Lom Sak,หล่มสัก,6703
810d3a37-0216-4168-bfb2-7fe12fd882e3,92fdeccb-230f-487b-b7f5-81ed467b83a2,Lom Kao,หล่มเก่า,6704
17d53f35-d021-4588-b8c0-a010d55363cd,92fdeccb-230f-487b-b7f5-81ed467b83a2,Wichian Buri,วิเชียรบุรี,6705
36f5909c-2357-4035-9f78-4fb37631a146,92fdeccb-230f-487b-b7f5-81ed467b83a2,Si Thep,ศรีเทพ,6706
2e11e1bb-8845-4e14-873a-c43edce1664c,92fdeccb-230f-487b-b7f5-81ed467b83a2,Nong Phai,หนองไผ่,6707
4665b2bb-6bb5-4116-9049-afd7daa49751,92fdeccb-230f-487b-b7f5-81ed467b83a2,Bueng Sam Phan,บึงสามพัน,6708
50b34f37-10e1-4dfa-80b3-0e831d2f8098,92fdeccb-230f-487b-b7f5-81ed467b83a2,Nam Nao,น้ำหนาว,6709
8ea922d8-9550-4f85-b16d-e198d16f5159,92fdeccb-230f-487b-b7f5-81ed467b83a2,Wang Pong,วังโป่ง,6710
f424ca12-f805-4e85-b5be-f4a5c97e1bbe,92fdeccb-230f-487b-b7f5-81ed467b83a2,Khao Kho,เขาค้อ,6711
7503596f-191d-42a9-858b-61d5e448f3d4,54449aac-06f2-415f-bea5-c175e707f09e,Mueang Ratchaburi,เมืองราชบุรี,7001
dca64306-d6f0-49cb-936f-28ebcb598b7d,54449aac-06f2-415f-bea5-c175e707f09e,Chom Bueng,จอมบึง,7002
b9bd1549-705c-4df1-965a-a8fa31ceb0d4,54449aac-06f2-415f-bea5-c175e707f09e,Suan Phueng,สวนผึ้ง,7003
3ecb8aa3-be18-4d8d-a927-690192a6a551,54449aac-06f2-415f-bea5-c175e707f09e,Damnoen Saduak,ดำเนินสะดวก,7004
4c6f80a3-b531-4dc4-929f-7b0552a69acf,54449aac-06f2-415f-bea5-c175e707f09e,Ban Pong,บ้านโป่ง,7005
4d122c27-cd9b-44a2-ad2b-abb17980e28e,54449aac-06f2-415f-bea5-c175e707f09e,Bang Phae,บางแพ,7006
4343a21a-3724-4d67-8b85-0bc14f5bb248,54449aac-06f2-415f-bea5-c175e707f09e,Photharam,โพธาราม,7007
93dd6275-6355-4a8e-8643-08ae8d9bdcf9,54449aac-06f2-415f-bea5-c175e707f09e,Pak Tho,ปากท่อ,7008
b23cec04-3fc0-4487-915b-2874a3d0c189,54449aac-06f2-415f-bea5-c175e707f09e,Wat Phleng,วัดเพลง,7009
6b60e290-444e-4c08-a986-ef299a0cb05d,54449aac-06f2-415f-bea5-c175e707f09e,Ban Kha,บ้านคา,7010
903fca28-b859-407e-a2bc-c0ffdd3bab4c,54449aac-06f2-415f-bea5-c175e707f09e,Tet Saban Ban Kong,ท้องถิ่นเทศบาลตำบลบ้านฆ้อง,7074
03eae867-32c4-4046-b2ab-1ab1fc66a767,3193b920-18fa-4c2f-85f4-99513af08572,Mueang Kanchanaburi,เมืองกาญจนบุรี,7101
759ef8e2-ac5d-45ec-97e8-f17bd2755b6b,3193b920-18fa-4c2f-85f4-99513af08572,Sai Yok,ไทรโยค,7102
19abada3-fb98-4926-bdc4-02b3e530cd92,3193b920-18fa-4c2f-85f4-99513af08572,Bo Phloi,บ่อพลอย,7103
76191786-1e0f-481e-a9b8-064a70d66cc3,3193b920-18fa-4c2f-85f4-99513af08572,Si Sawat,ศรีสวัสดิ์,7104
e6d96a92-7e10-4e69-a098-0999568a13d4,3193b920-18fa-4c2f-85f4-99513af08572,Tha Maka,ท่ามะกา,7105
03e832ec-d0d2-457d-bb24-1a7fd843a4d6,3193b920-18fa-4c2f-85f4-99513af08572,Tha Muang,ท่าม่วง,7106
00afd883-c7b0-4f08-afb9-3e4ef0342e51,3193b920-18fa-4c2f-85f4-99513af08572,Pha Phum,ทองผาภูมิ,7107
7fa0dd0c-7a08-4a3e-8f40-f8271b475621,3193b920-18fa-4c2f-85f4-99513af08572,Sangkhla Buri,สังขละบุรี,7108
9767ea7e-29d6-419a-aa3a-477ba0f1f4c6,3193b920-18fa-4c2f-85f4-99513af08572,Phanom Thuan,พนมทวน,7109
49e1db7c-eb68-4060-925f-04c74156c3b3,3193b920-18fa-4c2f-85f4-99513af08572,Lao Khwan,เลาขวัญ,7110
b6b5d627-2333-4bf8-b99a-c07fe9ff36e8,3193b920-18fa-4c2f-85f4-99513af08572,Dan Makham Tia,ด่านมะขามเตี้ย,7111
3c41129e-1c59-4c46-ba77-c0adfba1488c,3193b920-18fa-4c2f-85f4-99513af08572,Nong Prue,หนองปรือ,7112
67c7c03c-cdaa-4fef-8415-6b252a49a1a7,3193b920-18fa-4c2f-85f4-99513af08572,Huai Krachao,ห้วยกระเจา,7113
7f46417d-deef-4302-aa19-68997111464f,83770a1c-10e0-473b-a42e-12473ee54bba,Mueang Suphan Buri,เมืองสุพรรณบุรี,7201
08a5d0b4-bac7-41ce-96e7-01eaab2b2c13,83770a1c-10e0-473b-a42e-12473ee54bba,Doem Bang Nang Buat,เดิมบางนางบวช,7202
ce714bb5-42d7-48ad-99db-d7db980b323e,83770a1c-10e0-473b-a42e-12473ee54bba,Dan Chang,ด่านช้าง,7203
469df3c9-786d-4cd3-a163-ede580560b7a,83770a1c-10e0-473b-a42e-12473ee54bba,Bang Pla Ma,บางปลาม้า,7204
99b786d9-8670-46e1-bab4-b3cac291b615,83770a1c-10e0-473b-a42e-12473ee54bba,Si Prachan,ศรีประจันต์,7205
6ffbfca4-3de8-4e52-a2b4-4095776bdfaf,83770a1c-10e0-473b-a42e-12473ee54bba,Don Chedi,ดอนเจดีย์,7206
616413b7-f565-4558-ae19-78c67b503d09,83770a1c-10e0-473b-a42e-12473ee54bba,Song Phi Nong,สองพี่น้อง,7207
ca288078-10bf-4fbd-9516-214694282d59,83770a1c-10e0-473b-a42e-12473ee54bba,Sam Chuk,สามชุก,7208
a0cc4485-9a9d-40f3-8c24-9a3eefb63713,83770a1c-10e0-473b-a42e-12473ee54bba,U Thong,อู่ทอง,7209
9fef0f06-b9b7-43f8-a204-a7c81942e1e2,83770a1c-10e0-473b-a42e-12473ee54bba,Nong Ya Sai,หนองหญ้าไซ,7210
1cdf3fe0-fd32-4a8a-8151-b337ec40066f,3967764b-c799-4ed2-9319-8c359aa2260d,Mueang Nakhon Pathom,เมืองนครปฐม,7301
7af279a2-2846-4958-8a14-8fd03da9f218,3967764b-c799-4ed2-9319-8c359aa2260d,Kamphaeng Saen,กำแพงแสน,7302
9b060ac2-2674-477e-823b-ad3e1bf80ba5,3967764b-c799-4ed2-9319-8c359aa2260d,Nakhon Chai Si,นครชัยศรี,7303
7b2bd9ef-d38d-4b01-b1d0-8ebecabff69d,3967764b-c799-4ed2-9319-8c359aa2260d,Don Tum,ดอนตูม,7304
4d5997ec-dce7-4fb1-bc92-c0c1834a78d6,3967764b-c799-4ed2-9319-8c359aa2260d,Bang Len,บางเลน,7305
19601a3a-5944-4d35-aa2f-253882e5b5cf,3967764b-c799-4ed2-9319-8c359aa2260d,Sam Phran,สามพราน,7306
bd084825-5c42-4e22-8139-f351ecae5149,3967764b-c799-4ed2-9319-8c359aa2260d,Phutthamonthon,พุทธมณฑล,7307
faadc5f2-7397-4d6f-b921-77854693eda8,67466542-04f9-46b6-9bb5-0eeeb815d803,Mueang Samut Sakhon,เมืองสมุทรสาคร,7401
4aca168b-e66f-4cf5-aa19-12d81e212810,67466542-04f9-46b6-9bb5-0eeeb815d803,Krathum Baen,กระทุ่มแบน,7402
32cf7850-e17c-4206-89f8-0f4ce23df1a2,67466542-04f9-46b6-9bb5-0eeeb815d803,Ban Phaeo,บ้านแพ้ว,7403
c5895107-ac78-49ee-8535-e93cc8328b85,7c137ebf-e54d-4500-a881-47438c20443d,Mueang Samut Songkhram,เมืองสมุทรสงคราม,7501
b4256165-7db6-4f99-9cce-6fd96e307507,7c137ebf-e54d-4500-a881-47438c20443d,Bang Khonthi,บางคนที,7502
5a3792d3-5a0f-44ee-a15e-50e00ca07fb4,7c137ebf-e54d-4500-a881-47438c20443d,Amphawa,อัมพวา,7503
9db2106d-b11d-47cb-badf-665af3f66935,7abb9cfd-7b48-4d11-af9d-94efcf5343cb,Mueang Phetchaburi,เมืองเพชรบุรี,7601
aa6cbc32-9ece-4d74-8fd5-42f1d69b8c91,7abb9cfd-7b48-4d11-af9d-94efcf5343cb,Khao Yoi,เขาย้อย,7602
5aca226e-c1e2-4866-a6ab-bf3234f46fdd,7abb9cfd-7b48-4d11-af9d-94efcf5343cb,Nong Ya Plong,หนองหญ้าปล้อง,7603
28782432-525e-4b6b-aa3d-4e547accf2db,7abb9cfd-7b48-4d11-af9d-94efcf5343cb,Cha-am,ชะอำ,7604
c0528c84-41bc-433d-8215-6e80c340b9d8,7abb9cfd-7b48-4d11-af9d-94efcf5343cb,Tha Yang,ท่ายาง,7605
30c08734-ac48-4f3c-9502-e9035d8efd71,7abb9cfd-7b48-4d11-af9d-94efcf5343cb,Ban Lat,บ้านลาด,7606
26016466-4ff8-4df7-9120-85138ed9a6da,7abb9cfd-7b48-4d11-af9d-94efcf5343cb,Ban Laem,บ้านแหลม,7607
5a212e17-3506-45bb-a2f6-5ec2a0ce9bb7,7abb9cfd-7b48-4d11-af9d-94efcf5343cb,Kaeng Krachan,แก่งกระจาน,7608
77675c72-73ef-46ae-ad0d-950dc7e80354,ee3ab495-cbc1-4248-9a7d-80bc9c42c7a9,Mueang Prachuap Khiri Khan,เมืองประจวบคีรีขันธ์,7701
31a6fcf7-eb88-435e-8de4-644d8b92cb97,ee3ab495-cbc1-4248-9a7d-80bc9c42c7a9,Kui Buri,กุยบุรี,7702
5003c0e5-7024-486a-93f8-084307220877,ee3ab495-cbc1-4248-9a7d-80bc9c42c7a9,Thap Sakae,ทับสะแก,7703
b6991395-7606-401a-9e6d-56d557533c51,ee3ab495-cbc1-4248-9a7d-80bc9c42c7a9,Bang Saphan,บางสะพาน,7704
21667988-fdba-41a7-9b69-07be8a947a9a,ee3ab495-cbc1-4248-9a7d-80bc9c42c7a9,Bang Saphan Noi,บางสะพานน้อย,7705
de4b3cd4-914a-4857-b428-c7bc4185ed0a,ee3ab495-cbc1-4248-9a7d-80bc9c42c7a9,Pran Buri,ปราณบุรี,7706
71dba0b3-3c7f-4b18-93b0-d1ccc8033300,ee3ab495-cbc1-4248-9a7d-80bc9c42c7a9,Hua Hin,หัวหิน,7707
a5f03a14-85e2-4ca7-9e1a-91f39445a6a4,ee3ab495-cbc1-4248-9a7d-80bc9c42c7a9,Sam Roi Yot,สามร้อยยอด,7708
1b32ca78-6a02-46e6-a1bb-bdd109121fb7,008143da-e259-4814-b2d2-6c4aed513c1d,Mueang Nakhon Si Thammarat,เมืองนครศรีธรรมราช,8001
2f07b65d-ff39-4869-a29b-c324bdec79a5,008143da-e259-4814-b2d2-6c4aed513c1d,Phrom Khiri,พรหมคีรี,8002
bfc2c5d7-fccb-4891-86ef-61f6c66734c5,008143da-e259-4814-b2d2-6c4aed513c1d,Lan Saka,ลานสกา,8003
59e68558-86a2-417e-bff3-1f77e98f60ac,008143da-e259-4814-b2d2-6c4aed513c1d,Chawang,ฉวาง,8004
5f5086f2-9751-4bf6-a2da-877c25e2c964,008143da-e259-4814-b2d2-6c4aed513c1d,Phipun,พิปูน,8005
1f524e39-e938-4217-bfc1-27035b10498d,008143da-e259-4814-b2d2-6c4aed513c1d,Chian Yai,เชียรใหญ่,8006
b9a0bc9b-13d0-41f7-9345-45b3b8133230,008143da-e259-4814-b2d2-6c4aed513c1d,Cha-uat,ชะอวด,8007
fcc16c28-cd4b-4991-af5c-a163a550ad55,008143da-e259-4814-b2d2-6c4aed513c1d,Tha Sala,ท่าศาลา,8008
5c3fa891-9e5e-4999-aa82-bc2ab0ba4284,008143da-e259-4814-b2d2-6c4aed513c1d,Thung Song,ทุ่งสง,8009
1ead5a8f-d053-4f04-bf56-90cdf581682f,008143da-e259-4814-b2d2-6c4aed513c1d,Na Bon,นาบอน,8010
e8173e84-a230-418d-ba49-1869500f469f,008143da-e259-4814-b2d2-6c4aed513c1d,Thung Yai,ทุ่งใหญ่,8011
8709d9eb-7ddf-4fbe-9a92-d74e54d5fc03,008143da-e259-4814-b2d2-6c4aed513c1d,Pak Phanang,ปากพนัง,8012
f5f313a1-e641-4574-a89c-1cc6fa59be6e,008143da-e259-4814-b2d2-6c4aed513c1d,Ron Phibun,ร่อนพิบูลย์,8013
ce7439e7-21ba-482b-a1f6-f7860e67528b,008143da-e259-4814-b2d2-6c4aed513c1d,Sichon,สิชล,8014
7d48e33f-d3d6-4396-8e4e-c4ce99d97e57,008143da-e259-4814-b2d2-6c4aed513c1d,Khanom,ขนอม,8015
8ded0862-bfd6-4918-89f7-1598d13ce38d,008143da-e259-4814-b2d2-6c4aed513c1d,Hua Sai,หัวไทร,8016
98a24a1f-c663-4162-a103-c7e37f6164dc,008143da-e259-4814-b2d2-6c4aed513c1d,Bang Khan,บางขัน,8017
1c86396e-2ddb-4002-bb4d-ceab851ef7b7,008143da-e259-4814-b2d2-6c4aed513c1d,Tham Phannara,ถ้ำพรรณรา,8018
6e1db472-7d12-43ed-b114-80c75baf50ab,008143da-e259-4814-b2d2-6c4aed513c1d,Chulabhorn,จุฬาภรณ์,8019
89f2729d-9ca8-4c75-90a3-5f251d8c4af6,008143da-e259-4814-b2d2-6c4aed513c1d,Phra Phrom,พระพรหม,8020
a0769258-1052-4fc1-bf32-0f37721eef33,008143da-e259-4814-b2d2-6c4aed513c1d,Nopphitam,นบพิตำ,8021
5395e172-96d2-4c86-8d8f-d46fa1f04174,008143da-e259-4814-b2d2-6c4aed513c1d,Chang Klang,ช้างกลาง,8022
ac093071-f63c-4d47-8b0e-da696f2655e6,008143da-e259-4814-b2d2-6c4aed513c1d,Chaloem Phra Kiat,เฉลิมพระเกียรติ,8023
e3c11d76-fa5a-4633-9c94-db22bc87e11c,477188fe-a4ff-44d8-a2c3-f0a138cdd101,Mueang Krabi,เมืองกระบี่,8101
91403cdb-7735-40d6-ab56-9218fa3b0f69,477188fe-a4ff-44d8-a2c3-f0a138cdd101,Khao Phanom,เขาพนม,8102
0918f98d-083e-4a50-8131-71d58bcef358,477188fe-a4ff-44d8-a2c3-f0a138cdd101,Ko Lanta,เกาะลันตา,8103
141577f4-a463-4a31-820e-110e3119fd79,477188fe-a4ff-44d8-a2c3-f0a138cdd101,Khlong Thom,คลองท่อม,8104
9f84f4b2-7cbb-4e5b-8ff0-8ebac4effabc,477188fe-a4ff-44d8-a2c3-f0a138cdd101,Ao Luek,อ่าวลึก,8105
513dbbf1-ae52-487b-84f6-6e121450c309,477188fe-a4ff-44d8-a2c3-f0a138cdd101,Plai Phraya,ปลายพระยา,8106
923e115e-55c6-4012-9ad0-156adf2b0ad6,477188fe-a4ff-44d8-a2c3-f0a138cdd101,Lam Thap,ลำทับ,8107
67933892-7bfa-49ff-8288-fcd94cd924f1,477188fe-a4ff-44d8-a2c3-f0a138cdd101,Nuea Khlong,เหนือคลอง,8108
24517f2a-88f1-4489-ac54-60c76577130d,09875a32-9d48-4c46-a5d8-186d12833eb5,Mueang Phang-nga,เมืองพังงา,8201
8d5a440e-87bc-43ac-b5b6-cba0fdd61711,09875a32-9d48-4c46-a5d8-186d12833eb5,Ko Yao,เกาะยาว,8202
5ece6b25-ecfd-4275-886e-4cf3d21b7a37,09875a32-9d48-4c46-a5d8-186d12833eb5,Kapong,กะปง,8203
febc5c88-1ca5-4e23-b5d2-d48f2dbafa98,09875a32-9d48-4c46-a5d8-186d12833eb5,Takua Thung,ตะกั่วทุ่ง,8204
06f8c80f-1681-414f-b169-604d7ea9686f,09875a32-9d48-4c46-a5d8-186d12833eb5,Takua Pa,ตะกั่วป่า,8205
c3b503c5-f029-4b2f-a409-9c289d03ebdb,09875a32-9d48-4c46-a5d8-186d12833eb5,Khura Buri,คุระบุรี,8206
cd22599f-f285-4243-9c41-9d88440ccb48,09875a32-9d48-4c46-a5d8-186d12833eb5,Thap Put,ทับปุด,8207
ea2cdced-b09b-4840-b659-28b204c5fd0d,09875a32-9d48-4c46-a5d8-186d12833eb5,Thai Mueang,ท้ายเหมือง,8208
a949d87a-f5a8-4b38-8b4a-eca27e46d295,3a3f9f92-985d-4634-856d-8e3c07cfb13d,Mueang Phuket,เมืองภูเก็ต,8301
21f668ee-430a-4751-ab7f-1c7148f21937,3a3f9f92-985d-4634-856d-8e3c07cfb13d,Kathu,กะทู้,8302
33a02ae1-a089-4d2b-ab6c-45975aa1d0dc,3a3f9f92-985d-4634-856d-8e3c07cfb13d,Thalang,ถลาง,8303
2fde7119-b92e-43c4-8242-c1ab9d9278cd,86e6732b-4c00-496a-8e0b-cd3231b8a244,Mueang Surat Thani,เมืองสุราษฎร์ธานี,8401
f5823e18-f861-4d5d-9e41-8bccce849eed,86e6732b-4c00-496a-8e0b-cd3231b8a244,Kanchanadit,กาญจนดิษฐ์,8402
d8fedbf9-0958-46ef-bbb2-f94849d59be3,86e6732b-4c00-496a-8e0b-cd3231b8a244,Don Sak,ดอนสัก,8403
66776cca-1446-49c0-b1b9-e2ad87a12abb,86e6732b-4c00-496a-8e0b-cd3231b8a244,Ko Samui,เกาะสมุย,8404
0846cdad-a3ff-4de3-8ad3-d9b96f76862f,86e6732b-4c00-496a-8e0b-cd3231b8a244,Ko Pha-ngan,เกาะพะงัน,8405
f1d9bf9d-5ab4-4f91-8043-f006647d2edf,86e6732b-4c00-496a-8e0b-cd3231b8a244,Chaiya,ไชยา,8406
071a4a1a-ce5d-429b-b955-c4e77b31e31c,86e6732b-4c00-496a-8e0b-cd3231b8a244,Tha Chana,ท่าชนะ,8407
057b1c0e-c76f-4811-b795-73f70fcaeb48,86e6732b-4c00-496a-8e0b-cd3231b8a244,Khiri Rat Nikhom,คีรีรัฐนิคม,8408
0a11a12c-322b-4c04-af6f-6186934474ab,86e6732b-4c00-496a-8e0b-cd3231b8a244,Ban Ta Khun,บ้านตาขุน,8409
4b616378-ab36-46c6-aa57-3f816b1bd4fa,86e6732b-4c00-496a-8e0b-cd3231b8a244,Phanom,พนม,8410
839c8ae2-5276-4518-892e-a8bc3a3b07b8,86e6732b-4c00-496a-8e0b-cd3231b8a244,Tha Chang,ท่าฉาง,8411
97bed871-b6b4-40af-8db8-532d6bbdda88,86e6732b-4c00-496a-8e0b-cd3231b8a244,Ban Na San,บ้านนาสาร,8412
3ac9b533-6985-429a-b0f3-1567d20fb30d,86e6732b-4c00-496a-8e0b-cd3231b8a244,Ban Na Doem,บ้านนาเดิม,8413
ea733c15-6981-4ca4-a31b-189d4c408761,86e6732b-4c00-496a-8e0b-cd3231b8a244,Khian Sa,เคียนซา,8414
d64db874-c4f7-41e0-8a74-f1c62db6af75,86e6732b-4c00-496a-8e0b-cd3231b8a244,Wiang Sa,เวียงสระ,8415
64ae24cf-dcfa-4ade-b14f-e097e8b59b86,86e6732b-4c00-496a-8e0b-cd3231b8a244,Phrasaeng,พระแสง,8416
64a110ad-545d-44be-9e8d-4c1470d3475c,86e6732b-4c00-496a-8e0b-cd3231b8a244,Phunphin,พุนพิน,8417
09066901-8f08-4e89-bc83-fe0465e7d558,86e6732b-4c00-496a-8e0b-cd3231b8a244,Chai Buri,ชัยบุรี,8418
697019c9-b914-4ec6-b1f3-c9d2e684ab88,86e6732b-4c00-496a-8e0b-cd3231b8a244,Vibhavadi,วิภาวดี,8419
118a94e6-48c4-48f1-a4a9-6d0cea817c6f,7240f79a-ff7b-418d-b393-2fe55eaf1f38,Mueang Ranong,เมืองระนอง,8501
163965f1-bf7b-4cbb-aad2-22ae68c1cf78,7240f79a-ff7b-418d-b393-2fe55eaf1f38,La-un,ละอุ่น,8502
2e9d3802-36e6-4366-9836-f4450ae23310,7240f79a-ff7b-418d-b393-2fe55eaf1f38,Kapoe,กะเปอร์,8503
f1da1683-6cef-403a-991e-e21b06168335,7240f79a-ff7b-418d-b393-2fe55eaf1f38,Kra Buri,กระบุรี,8504
39d9a100-4c45-41b5-aa06-3f440d28b579,7240f79a-ff7b-418d-b393-2fe55eaf1f38,Suk Samran,สุขสำราญ,8505
695064b7-f546-42f8-b7e2-dd2175574ee7,79f90a5d-2811-4cb0-987b-09009ef940bf,Mueang Chumphon,เมืองชุมพร,8601
cf3c76f9-b0a4-4025-a2c1-2b52773757c5,79f90a5d-2811-4cb0-987b-09009ef940bf,Tha Sae,ท่าแซะ,8602
b538b6a4-57f5-4f69-95a2-3c26095da149,79f90a5d-2811-4cb0-987b-09009ef940bf,Pathio,ปะทิว,8603
ec6a6ced-72b5-40ca-9c0d-1aeda2cc70e0,79f90a5d-2811-4cb0-987b-09009ef940bf,Lang Suan,หลังสวน,8604
317caefe-e4e4-4b6f-b618-b5cdef137639,79f90a5d-2811-4cb0-987b-09009ef940bf,Lamae,ละแม,8605
f637ab2d-328d-459d-9987-ea90268a175e,79f90a5d-2811-4cb0-987b-09009ef940bf,Phato,พะโต๊ะ,8606
f0ebc817-1986-43bc-abc4-9849b183bb7f,79f90a5d-2811-4cb0-987b-09009ef940bf,Sawi,สวี,8607
660e3a14-13c4-4fef-996e-24a10b3a8ef6,79f90a5d-2811-4cb0-987b-09009ef940bf,Thung Tako,ทุ่งตะโก,8608
f5fa674e-c0ac-4c47-ac9f-de7a459cc45e,913e7707-428b-42bb-89a1-adbe28482672,Mueang Songkhla,เมืองสงขลา,9001
d80d2fd8-575a-4d53-90f9-63069f31d4b6,913e7707-428b-42bb-89a1-adbe28482672,Sathing Phra,สทิงพระ,9002
64ba8bf3-896e-42a7-adb4-236ad1669156,913e7707-428b-42bb-89a1-adbe28482672,Chana,จะนะ,9003
b9a09307-325d-423f-96b5-356ef70f73a7,913e7707-428b-42bb-89a1-adbe28482672,Na Thawi,นาทวี,9004
7193d4a4-cf1c-4613-841c-3ab140c3f521,913e7707-428b-42bb-89a1-adbe28482672,Thepha,เทพา,9005
d66faef8-904c-49b6-89c2-6e08e4e47096,913e7707-428b-42bb-89a1-adbe28482672,Saba Yoi,สะบ้าย้อย,9006
30b9e027-9e53-4d4f-a95e-209d8f3e8fe4,913e7707-428b-42bb-89a1-adbe28482672,Ranot,ระโนด,9007
52498171-706c-493f-9fa0-8762b9108740,913e7707-428b-42bb-89a1-adbe28482672,Krasae Sin,กระแสสินธุ์,9008
f85dfa8b-345b-4f93-9bb3-7d5e657e6739,913e7707-428b-42bb-89a1-adbe28482672,Rattaphum,รัตภูมิ,9009
1dc60231-6ecc-4296-a03c-56fe8cf400d4,913e7707-428b-42bb-89a1-adbe28482672,Sadao,สะเดา,9010
32d8e12f-ae55-42a0-860a-15d65e941d94,913e7707-428b-42bb-89a1-adbe28482672,Hat Yai,หาดใหญ่,9011
d7f19c1e-162b-491b-9228-046509268c13,913e7707-428b-42bb-89a1-adbe28482672,Na Mom,นาหม่อม,9012
8d16cfe1-ae78-40f5-92c5-ee001aaf3df7,913e7707-428b-42bb-89a1-adbe28482672,Khuan Niang,ควนเนียง,9013
3a56c6c0-cb4f-4a48-add9-e3b0fe37c345,913e7707-428b-42bb-89a1-adbe28482672,Bang Klam,บางกล่ำ,9014
31c54b58-8f68-47e5-aa75-128dae2233cd,913e7707-428b-42bb-89a1-adbe28482672,Singhanakhon,สิงหนคร,9015
ad7e4602-1e64-4285-94c2-ba5867c409ab,913e7707-428b-42bb-89a1-adbe28482672,Khlong Hoi Khong,คลองหอยโข่ง,9016
a061a944-a695-4a3a-b748-ba21e16326ce,913e7707-428b-42bb-89a1-adbe28482672,Sum Nung Kam,ท้องถิ่นเทศบาลตำบลสำนักขาม,9077
ceb6db95-97d6-457d-b566-72df3dfe3714,1595a673-7304-453b-842e-48885ebec075,Mueang Satun,เมืองสตูล,9101
5c79f2b6-6b9a-448e-9f8b-48bdceefa3f7,1595a673-7304-453b-842e-48885ebec075,Khuan Don,ควนโดน,9102
6c88bd56-504e-421e-a60a-01fc8160f2e0,1595a673-7304-453b-842e-48885ebec075,Khuan Kalong,ควนกาหลง,9103
8d286712-86d6-4768-8c2e-2e03e187787f,1595a673-7304-453b-842e-48885ebec075,Tha Phae,ท่าแพ,9104
cb32342d-4999-463e-ad16-f70528ae7545,1595a673-7304-453b-842e-48885ebec075,La-ngu,ละงู,9105
aeb1fdc9-9974-405e-a480-b093752aaa3e,1595a673-7304-453b-842e-48885ebec075,Thung Wa,ทุ่งหว้า,9106
337cbacd-379f-46cb-9ecf-e36bf36d9ab2,1595a673-7304-453b-842e-48885ebec075,Manang,มะนัง,9107
8b38814b-9acd-4ab8-8441-17e35abe292f,7db8e9f8-5267-4907-8ca9-9b449d02f491,Mueang Trang,เมืองตรัง,9201
9912815f-881a-4800-a8ae-e2bdee7cd85e,7db8e9f8-5267-4907-8ca9-9b449d02f491,Kantang,กันตัง,9202
98236116-666f-4343-b310-3b8733c9e032,7db8e9f8-5267-4907-8ca9-9b449d02f491,Yan Ta Khao,ย่านตาขาว,9203
8f36ac94-e71b-4fe9-b88e-4d09083a8929,7db8e9f8-5267-4907-8ca9-9b449d02f491,Palian,ปะเหลียน,9204
4d700191-52d4-42ec-bd47-4773bf608930,7db8e9f8-5267-4907-8ca9-9b449d02f491,Sikao,สิเกา,9205
760c071a-ddae-4ac2-ad14-dbdb40906826,7db8e9f8-5267-4907-8ca9-9b449d02f491,Huai Yot,ห้วยยอด,9206
cfa45c96-05e3-4502-8bd4-2ee35a0c8f9d,7db8e9f8-5267-4907-8ca9-9b449d02f491,Wang Wiset,วังวิเศษ,9207
02a4cb70-1945-43ae-9715-c430f4a545f4,7db8e9f8-5267-4907-8ca9-9b449d02f491,Na Yong,นาโยง,9208
5caa2b62-b003-4cc9-9c11-67a66fdd27b0,7db8e9f8-5267-4907-8ca9-9b449d02f491,Ratsada,รัษฎา,9209
4fb0e3ec-e71c-4592-a015-229f7a73194e,7db8e9f8-5267-4907-8ca9-9b449d02f491,Hat Samran,หาดสำราญ,9210
c54d4ba3-44c1-47ee-8d94-0fda58864f4e,983f0533-6abb-4b5b-b269-153e70c9f0c4,Mueang Phatthalung,เมืองพัทลุง,9301
6d03f37d-a311-46ad-8429-704a160f2b31,983f0533-6abb-4b5b-b269-153e70c9f0c4,Kong Ra,กงหรา,9302
5a880eaa-bd37-4cca-9c4d-fd8b77114b91,983f0533-6abb-4b5b-b269-153e70c9f0c4,Khao Chaison,เขาชัยสน,9303
1ff58722-2390-4b84-a91f-21c293bc6e90,983f0533-6abb-4b5b-b269-153e70c9f0c4,Tamot,ตะโหมด,9304
d61c87b1-07f5-42ac-b99f-4dbf4371070c,983f0533-6abb-4b5b-b269-153e70c9f0c4,Khuan Khanun,ควนขนุน,9305
bc479a05-a280-4571-8011-ab59af415f10,983f0533-6abb-4b5b-b269-153e70c9f0c4,Pak Phayun,ปากพะยูน,9306
861fec03-f0b6-4e9a-8a19-9613bfbd7ec6,983f0533-6abb-4b5b-b269-153e70c9f0c4,Si Banphot,ศรีบรรพต,9307
4e1cbf44-b6e1-4601-a57e-034dd30f9241,983f0533-6abb-4b5b-b269-153e70c9f0c4,Pa Bon,ป่าบอน,9308
9d7ecb19-a149-4e71-80aa-0f9615d6c2bf,983f0533-6abb-4b5b-b269-153e70c9f0c4,Bang Kaeo,บางแก้ว,9309
05080391-d04b-47b6-91e8-0ffdc57701ad,983f0533-6abb-4b5b-b269-153e70c9f0c4,Pa Phayom,ป่าพะยอม,9310
a09da2d7-8d11-4065-ade4-1fccb16bdd20,983f0533-6abb-4b5b-b269-153e70c9f0c4,Srinagarindra,ศรีนครินทร์,9311
d0d9c2ee-2076-4af1-9e72-f15446f72993,50059470-9a18-4cb0-8a8d-bf77d87e5a29,Mueang Pattani,เมืองปัตตานี,9401
75e42d86-825f-41f1-b063-555b901520a1,50059470-9a18-4cb0-8a8d-bf77d87e5a29,Khok Pho,โคกโพธิ์,9402
23362149-f14b-4d5c-9e70-0d624833085e,50059470-9a18-4cb0-8a8d-bf77d87e5a29,Nong Chik,หนองจิก,9403
efb7bacf-2433-419f-a46d-0aae688f079e,50059470-9a18-4cb0-8a8d-bf77d87e5a29,Panare,ปะนาเระ,9404
ef6e106d-9074-4e4a-9fec-63f8d802aba5,50059470-9a18-4cb0-8a8d-bf77d87e5a29,Mayo,มายอ,9405
42c797c3-3b51-4df2-8e17-61ab45682270,50059470-9a18-4cb0-8a8d-bf77d87e5a29,Thung Yang Daeng,ทุ่งยางแดง,9406
946fcb04-6848-455a-b585-9ce368a1d489,50059470-9a18-4cb0-8a8d-bf77d87e5a29,Sai Buri,สายบุรี,9407
e646196b-04f4-4063-b694-80d163f461d0,50059470-9a18-4cb0-8a8d-bf77d87e5a29,Mai Kaen,ไม้แก่น,9408
161f8d9b-9d44-40ae-82e9-ab9e1b765b31,50059470-9a18-4cb0-8a8d-bf77d87e5a29,Yaring,ยะหริ่ง,9409
a4798cf6-c025-49d8-853d-80fc133d8def,50059470-9a18-4cb0-8a8d-bf77d87e5a29,Yarang,ยะรัง,9410
8399c90a-48bb-407c-9312-e1b9fefbaa3a,50059470-9a18-4cb0-8a8d-bf77d87e5a29,Kapho,กะพ้อ,9411
5f12af86-96e3-497e-a14b-ce39df4e67ff,50059470-9a18-4cb0-8a8d-bf77d87e5a29,Mae Lan,แม่ลาน,9412
53584616-51d2-44e6-a18f-4c2a70165f51,a15c21e1-5816-4682-be47-18ead5a4fedb,Mueang Yala,เมืองยะลา,9501
58ac1369-c60a-4b5a-b46b-a9bd59e6fe66,a15c21e1-5816-4682-be47-18ead5a4fedb,Betong,เบตง,9502
df11ffaf-53e5-4145-8040-5cfc95933e86,a15c21e1-5816-4682-be47-18ead5a4fedb,Bannang Sata,บันนังสตา,9503
7af0c8bd-ab03-49c3-9cb4-4d2e420a5d38,a15c21e1-5816-4682-be47-18ead5a4fedb,Than To,ธารโต,9504
a006ec85-b8b0-4745-8a94-c2563cae1e65,a15c21e1-5816-4682-be47-18ead5a4fedb,Yaha,ยะหา,9505
d65bdb1b-0595-4a9c-9700-b0ac9c9627dd,a15c21e1-5816-4682-be47-18ead5a4fedb,Raman,รามัน,9506
20fc9c58-8d2e-4680-a2e4-b0d8d78d43d4,a15c21e1-5816-4682-be47-18ead5a4fedb,Kabang,กาบัง,9507
f9513655-5c65-4023-8ce0-f25bd90b5352,a15c21e1-5816-4682-be47-18ead5a4fedb,Krong Pinang,กรงปินัง,9508
ae00f6f1-6dbe-4331-a5c2-b0dd97544e75,8416e54f-6f3b-4cb8-8579-dad8e7b8f0f9,Mueang Narathiwat,เมืองนราธิวาส,9601
c8d926fc-3c3c-4a8e-b8ec-ee2ec14e5697,8416e54f-6f3b-4cb8-8579-dad8e7b8f0f9,Tak Bai,ตากใบ,9602
3df4dd50-7fbd-418a-aa73-049f4be6442d,8416e54f-6f3b-4cb8-8579-dad8e7b8f0f9,Bacho,บาเจาะ,9603
44b70778-bd24-4f66-8b4b-80fac5a77ea8,8416e54f-6f3b-4cb8-8579-dad8e7b8f0f9,Yi-ngo,ยี่งอ,9604
41ed34da-16ca-48d0-b4c2-4c33c940eb84,8416e54f-6f3b-4cb8-8579-dad8e7b8f0f9,Ra-ngae,ระแงะ,9605
313ef238-270f-458c-88f4-d9608f4f7f66,8416e54f-6f3b-4cb8-8579-dad8e7b8f0f9,Rueso,รือเสาะ,9606
81f6768a-3f06-4579-bb55-8c72e28c242f,8416e54f-6f3b-4cb8-8579-dad8e7b8f0f9,Si Sakhon,ศรีสาคร,9607
ba51ae97-04df-4c45-9f7c-6a2bedffdb26,8416e54f-6f3b-4cb8-8579-dad8e7b8f0f9,Waeng,แว้ง,9608
f82b6c47-9587-4ad4-9e74-4eaf4d8038bc,8416e54f-6f3b-4cb8-8579-dad8e7b8f0f9,Sukhirin,สุคิริน,9609
15e69dd2-02a7-47c4-8aff-30f05055ab8d,8416e54f-6f3b-4cb8-8579-dad8e7b8f0f9,Su-ngai Kolok,สุไหงโก-ลก,9610
81ea377d-6cb2-475a-9abb-5c9b24541918,8416e54f-6f3b-4cb8-8579-dad8e7b8f0f9,Su-ngai Padi,สุไหงปาดี,9611
c016aa82-4a37-4181-acd6-21b8934a9b29,8416e54f-6f3b-4cb8-8579-dad8e7b8f0f9,Chanae,จะแนะ,9612
2e6b5418-4539-449c-be3c-964b17d7b54f,8416e54f-6f3b-4cb8-8579-dad8e7b8f0f9,Cho-airong,เจาะไอร้อง,9613
